r,g,b,R,G,B
-0.0373182886096,0.0762112347147,-0.00182525192483,43.4470124934,7.2747471172,1.88592502604
0.237116493999,0.49447210428,0.217305182858,15.1303694491,3.79806853791,2.54709375433
0.350986059216,0.521037321671,0.78775445822,32.3946548631,33.9964675834,64.1600912029
0.355261421535,0.636906886889,1.35858054518,29.9301200569,7.41457522798,4.70362564193
0.540725189651,0.98747210428,1.69859503793,4.13881170684,7.61939431367,48.5734714256
1.05046432009,0.918196741961,2.16213126981,17.1278373294,6.63876044473,98.4065431025
1.13523243603,0.755080799932,1.97287040025,7.55340190069,5.76610730142,25.5664690883
0.438971566463,0.344385147758,1.08176895097,7.06123902226,15.9364684865,104.061807537
0.131522291101,-0.208049634851,0.441334168365,46.6281401159,50.4728311766,144.068922625
0.00702953747736,-0.644310504416,-0.0213035127944,18.6939621756,20.5274773045,26.9951259196
0.13731939255,-0.839701808764,0.0039428640172,17.9180841105,0.399938888408,15.1387722941
-0.0499124915082,-0.789426446445,-0.208738295403,19.7297959251,18.7527523376,46.5673849992
0.149957073709,-0.829672823256,-0.0839411939538,24.2247859614,20.4622861664,2.8142195828
0.0406527258832,-0.840890214561,0.0279718495244,66.9882275119,30.7274049384,145.229514609
0.284217943274,-0.606832243546,0.21623271909,20.5385036315,47.150995428,26.4263511479
0.475870117188,-0.374136591372,0.511305182858,101.790752345,17.0197260947,93.6158660615
0.603812146173,-0.313382968184,0.923247211843,10.7103679998,2.34966830762,21.8318067462
0.574087508492,-0.201426446445,1.10558054518,4.24641051591,1.26541529951,6.85023502977
0.756609247622,-0.167542388474,0.784044313293,0.425525135811,0.714833808149,2.94823794192
0.78963823313,-0.0608902145607,0.671276197351,22.1866221614,15.0386871238,19.4497626752
0.556145479506,-0.157223547894,0.750537066916,61.8305308601,36.5033827679,189.722740318
0.429044030231,-0.063339489923,0.799145762568,0.0179433545501,11.2771205161,12.1427932588
0.75663823313,0.0233271767437,0.979899385756,0.882319600168,15.1988345244,19.1986010121
1.01875417516,0.103761959352,1.18972547271,26.0585128059,23.5274678886,98.9410162758
0.882029537477,0.261588046309,1.63960953068,37.4872612323,42.0008857392,145.203719501
1.06521794327,0.353935872396,1.9444790959,7.07652659394,15.5594655808,1.20371382851
0.851696204144,0.493109785439,2.05692837126,151.276249635,28.767399537,136.069273181
1.01101504472,0.598283698483,2.35520373358,3.21679629661,6.02212118233,31.0632741613
1.39820345052,0.800196741961,2.6772906901,24.5384999927,22.2810043496,103.984677319
1.50768171139,1.06051558254,2.91633416837,10.6962272363,85.4993735751,119.800001422
1.14378316067,1.35360253906,2.92379793648,27.1254449983,7.11395842318,18.6051307193
1.76462374038,1.607370655,3.47037764663,55.3790293299,22.4593998688,64.2377915809
1.97979765342,1.62051558254,3.96618924083,42.1153889661,38.6861510407,138.919486724
2.18691359545,1.6189358724,4.12802982054,71.1697975563,1.85583804567,56.7098743004
1.94662374038,1.3677474666,3.44559503793,104.05199762,44.3566218526,248.352287625
1.13921794327,0.650776452106,2.2816675017,19.8447058952,57.7875649614,33.390810764
0.829609247622,0.0868489158741,1.50817474808,6.97017181505,8.22276117104,70.0583002565
0.470261421535,-0.241194562387,0.937290690104,54.0986012934,97.438057432,405.791003622
0.422145479506,-0.467513402966,0.408768950974,54.4581964783,42.0084771444,110.58787739
0.478899102695,-0.65336847543,0.343087791553,45.2671764672,23.1070038951,94.0518967473
0.14084113168,-0.6748467363,0.301899385756,56.6014535391,45.9031722881,244.178368857
0.160971566463,-0.53668731601,0.272464603148,8.18740667745,9.86550722345,38.6910267408
0.394667218637,-0.473832243546,0.616479095901,26.4215059055,22.8407653233,131.18230014
0.476536783854,-0.345585866735,0.952609530684,132.222517799,38.0825504819,261.044900822
0.381348378057,-0.119730794271,1.0250732988,28.4644747881,29.5186439737,57.1960917061
0.784507798347,-0.052223547894,1.14765300894,28.3594727993,2.08821050825,85.5111306137
0.660725189651,-0.101919200068,1.462884893,15.8801094876,44.5035416154,49.5059807127
0.583015044724,0.0310373216712,1.55752257416,1.53174102701,0.0984291102764,22.5614731069
0.83715997226,0.048196741961,1.7404790959,30.1428648958,45.4797251729,86.2731197822
0.738522291101,0.113848915874,1.82323271909,8.35362230637,10.7351267842,7.57242707404
0.859754175159,0.25079094486,2.0990732988,45.2753507794,24.2297350241,127.167364484
1.04282663893,0.365225727468,2.32255155967,66.4637417605,14.8648269507,92.9304842405
1.33834837806,0.577269205729,2.60236315387,30.7481302005,0.473630083657,21.3921491727
1.44369620414,0.718269205729,2.81802982054,21.7399064993,11.825349387,2.11231336696
1.58837736356,0.935182249207,3.04016025532,51.5069347463,22.0795298456,66.9905651505
1.57249330559,1.07610978544,3.35453706692,4.51417267572,4.82084343393,40.1947443462
1.78420345052,1.26654456805,3.55969648721,83.1459338671,34.1905579417,90.5640597696
1.88347881284,1.3951532637,3.7240732988,2.70267471421,69.0503749097,118.09748957
1.96856576936,1.49722572747,4.11258054518,46.7830179032,23.8527121698,90.7419654074
2.28036287081,1.80653007529,4.47342112489,94.9708985348,26.8912810078,87.6949559243
1.60740634907,2.14632717674,4.42272547271,0.217412621892,12.8082058671,69.5132423855
2.20000055197,2.03445761153,4.6796675017,7.13284521367,62.4709697193,69.6186856589
1.98966721864,1.55299384341,4.01205880605,41.4041996822,12.1169631027,47.4622413473
-1.67912988281,-2.31626702615,-2.66931800555,10.646976686,0.127379188661,39.2328966502
-2.64504292629,-2.85580325804,-3.83128902004,28.6158635392,8.07473660187,11.1625052478
-2.01097046252,-2.73628151891,-3.20365133888,58.6369166233,50.1009897997,146.70504068
-2.10223133209,-2.99154238847,-3.3647093099,6.78453857161,25.6278717552,72.5995968637
-2.4826951002,-3.08018006963,-3.64824554178,28.7557174325,11.6752563356,9.91291147908
-2.20712988281,-3.12652789572,-3.82468032439,38.2264220041,5.5875488408,23.4517852994
-2.23889799875,-3.11957137398,-3.88097017946,23.8110000991,20.5995457582,78.7210876621
-2.30672408571,-2.90281775079,-3.75407162874,53.2136074759,25.129976713,68.7903242478
-2.04082553499,-2.73691920007,-3.51454988961,43.612526579,60.5904540651,172.440215954
-2.17962263644,-2.69704963485,-3.2303324983,77.768240753,94.165340842,344.726547998
-2.16740524513,-2.73416557688,-3.06298467221,36.8023029868,75.7621877273,120.666464366
-2.22786901325,-2.68773079427,-3.04420206352,28.0261797747,72.4776243523,330.094386921
-2.17744872339,-2.72664383775,-2.97697017946,254.964826553,106.063028485,528.441495458
-2.21412988281,-2.61793369282,-3.01023104903,53.6698549786,174.065265029,446.635432505
-1.98044872339,-2.58836847543,-2.72912959975,75.7737805609,67.4072448354,175.922908733
-1.92336176687,-2.49771630152,-2.64781075917,49.2513276587,9.19404687505,86.8891968597
-1.59897046252,-2.3570351421,-2.28220206352,115.611356429,117.764002471,333.200908768
-1.80485452049,-2.1726583305,-2.14257887511,44.8029503663,65.2421555076,188.314523236
-1.7390719118,-1.96710760587,-1.93024554178,1.75590795971,40.0994434628,54.5938914965
-1.40814437557,-1.75838296818,-1.63491220845,37.9100562921,77.5496198017,205.030449839
-1.44144872339,-1.5848467363,-1.34410061424,55.3927579907,51.531628067,153.00183885
-1.3576661147,-1.44431050442,-1.05921655627,59.575020271,39.4882160449,184.856313762
-1.26385452049,-1.1880641276,-0.700999164968,29.4392745419,35.5289619337,145.765726102
-0.853419737885,-0.990382968184,-0.331665831635,15.8541857534,23.6527303931,13.9905176407
-0.818057419044,-0.798440939198,-0.0253469910552,1.16084569901,13.8035864437,28.7886881064
-0.707042926291,-0.515948185575,0.353087791553,19.8798286899,3.04373139537,24.9126092587
-0.597811042233,-0.471933692822,0.584000835032,15.9157000219,5.64641805489,70.8445118042
-1.4286661147,-1.00215108413,-0.719955686707,58.5690538838,32.4727912948,42.7379546978
-1.73412988281,-1.79300615659,-1.99881075917,10.0281536156,17.8418499232,3.79353683091
-1.86673857846,-2.51604963485,-2.67327452729,9.34861164753,8.6705559675,21.651476239
-2.37598495528,-2.91915108413,-3.44037597656,75.464217492,59.4853154778,234.503385957
-2.38431828861,-3.25618006963,-3.60859336787,12.0259376997,0.890083724467,10.5869285121
-2.5306661147,-3.2856583305,-4.06601365772,16.4861669476,0.465852720892,21.8662883987
-2.4412893031,-3.32236847543,-4.11060786062,6.85981787909,27.5727899661,71.9938724204
-2.34405741904,-3.26194818558,-4.12183974468,23.8563062946,3.129687988,91.040164348
-2.54085452049,-3.19294818558,-4.20269481714,16.940449543,3.23564612637,4.46597443649
-2.35749220165,-3.13289021456,-3.94136148381,4.75968564271,6.92272498566,18.2877913591
-2.4176661147,-2.98970180876,-3.74315858526,10.0725813208,8.85760229065,35.2112453416
-2.23052118716,-3.00748441746,-3.66308612149,35.3554945864,68.2040284136,138.211400247
-2.48176756397,-3.02441195369,-3.51230351279,23.1847479967,50.1418691248,33.9804727677
-2.19753567991,-3.03386122905,-3.39439046932,15.113263647,31.4619993089,1.02065168663
-2.0846951002,-3.00015108413,-3.36189771569,11.3266545717,13.8228577449,28.6600523584
-2.43237625962,-2.95420905514,-3.52163684613,119.714195706,49.6487089154,188.131955485
-2.25744872339,-2.89812209862,-3.32560786062,12.883519437,5.69780371091,37.7801857181
-2.0640719118,-2.83970180876,-3.06226003453,18.1936451107,7.81062565697,1.455844476
-2.27214437557,-2.66760035949,-3.08383974468,132.434639982,48.9224315028,162.324698166
-1.91881104223,-2.51270180876,-2.73717307801,14.8326555351,69.0311856044,123.547476095
-1.95152118716,-2.43741195369,-2.50988322294,1.4700956522,9.0399557234,4.72756540832
-2.09952118716,-2.2646583305,-2.32918757077,74.1103739958,10.5642887177,59.089341754
-1.80531828861,-2.06952789572,-2.18524554178,70.947732553,42.2743567602,311.226460777
-1.67797046252,-1.99220905514,-1.95001365772,28.7360535733,57.6240932016,266.610530127
-1.91295596977,-1.85838296818,-1.84679626642,83.4426173771,83.4162265116,152.076449214
-1.31736176687,-1.6508467363,-1.41126003453,58.7519060003,93.562640167,311.050703344
-1.57650669441,-1.60460035949,-1.25359336787,62.8378878176,66.7200259583,293.732235848
-1.52481104223,-1.45899166384,-1.27818757077,63.2816628597,108.130022505,261.342725255
-1.71060814368,-1.84994818558,-1.89262235337,91.3448363045,48.8873169258,224.918196158
-2.046883506,-2.57410760587,-2.91121655627,5.62673230783,38.4647666741,103.559181089
-3.14946321615,-3.10845543195,-4.70857887511,39.847013314,75.9607989242,195.820980375
-3.29868060745,-3.67309311311,-5.29837597656,107.593598918,51.9392139943,354.808369027
-3.09039075238,-4.03668731601,-5.82875278816,40.2135362403,40.1567193345,6.49811725442
-1.97373857846,-2.74646992471,-3.22039046932,9.18342729654,36.7861668729,65.4134190274
-1.98773857846,-2.8360641276,-3.44372380265,34.1461782215,32.3201732995,76.1458033003
0.101464320086,-0.84436847543,0.366348661119,33.5175171895,18.9969486381,127.367612346
0.236696204144,-0.776788765285,0.57659503793,45.0896403227,71.3115965637,133.001253713
0.150406349072,-0.76516557688,0.732566052423,3.30474164533,8.11035549059,5.14354370597
0.25284113168,-0.635252533401,0.915000835032,102.083871444,28.7494521986,144.688199343
0.246391856318,-0.68500615659,0.936319675611,100.430784429,36.1798742645,128.847569894
0.137870117188,-0.651614852242,0.776029820539,0.180089247765,13.7221202385,75.2823366348
0.240362870811,-0.672716301517,0.722812429235,11.8350875885,0.558192438514,37.3976432852
0.023580262115,-0.699353982677,0.665450110394,0.205661839976,0.84969095538,32.8159029983
0.167246928782,-0.690353982677,0.68459503793,33.8998935484,2.53788395425,25.1291131338
0.0714063490716,-0.609614852242,0.866725472713,18.2044819583,8.75780160134,15.3370372351
0.498942580956,-0.407469924706,1.06284141474,30.7876144671,34.3573307909,112.878805251
0.614304899796,-0.20352789572,1.39060953068,100.260797855,38.5151557783,191.670993832
0.809942580956,0.0733851477582,1.6744790959,66.7809170435,8.94027385421,93.6348303
1.08285562443,0.314240220222,1.9682617046,29.7180181293,46.6882921805,131.800933226
1.15794258096,0.501848915874,2.32120373358,79.5539564086,3.83318059256,102.612828544
1.33546432009,0.703776452106,2.53820373358,75.7149184941,60.9056740304,254.752675444
1.55946432009,0.976877901381,2.87362402344,1.0370136881,14.8419022004,37.1937743391
1.6207106969,1.23864601732,2.77736315387,205.691284931,45.5808222242,165.458198481
1.81760924762,1.39206630718,2.95918924083,89.2460175276,41.4460436368,220.019391802
1.67753678385,1.56770398834,3.39772547271,22.5551311557,8.64275774467,23.0022759457
1.63213098675,1.31939964051,3.48397184952,42.9842240619,12.3374273187,94.8456839149
0.879435334579,0.804559060802,2.42756605242,16.4753343888,2.22441808907,32.3455250649
0.300348378057,0.19283442312,0.947667501698,23.3409803213,26.0553345581,84.0337535683
-0.0381008973052,-0.508861229053,0.533044313293,134.950979939,62.7716034365,325.685831045
-0.147666114697,-0.902600359488,-0.143477425838,10.1495147125,1.15371240357,7.35603888635
-0.957477708899,-1.03867282326,-0.764187570765,8.23639121122,17.5824926543,114.876471891
-0.935071911798,-1.13099166384,-0.806013657722,53.3355841656,8.25935896278,157.45944894
-0.258390752378,-1.15987572181,-0.395825251925,43.6781334077,53.7338141951,77.687874556
-0.250216839334,-1.00341195369,-0.322665831635,168.030584665,130.232699908,474.347101224
-0.00884002774004,-0.752759779778,-0.0225064113451,31.9171691131,30.6250833959,260.543005724
0.165855624434,-0.643745287024,0.372305182858,30.820355426,58.584041054,310.96657494
0.241188957767,-0.504353982677,0.644508081409,44.4170980986,29.8274769323,172.563372943
0.296449827332,-0.382194562387,0.753160255322,13.5829407533,36.5180629874,29.0413157293
0.313710696898,-0.373513402966,0.939464603148,3.74287210305,17.779058507,100.841087191
0.213826638927,-0.35652789572,0.901957356771,96.4219068646,88.6109238014,152.629162394
0.54647881284,-0.346948185575,1.07669648721,32.5134088402,28.4883900146,122.136283962
0.359522291101,-0.230832243546,1.10098634228,28.7385006397,1.03527119774,13.4947361745
0.539565769361,-0.104875721807,1.26178344373,12.6421995135,12.1815354554,93.080857057
0.779913595448,-0.0219771710824,1.53969648721,121.219093778,113.436776536,328.553000551
0.61884113168,0.120428626019,1.73978344373,43.1176489755,23.5646292248,206.199605195
0.905870117188,0.296732973845,2.03255155967,243.344140842,64.0402934421,201.29385906
0.894449827332,0.550530075294,2.26339213938,2.6421558317,35.531406493,11.6007268964
1.33837736356,0.843848915874,2.46987040025,12.971938768,2.81526460467,3.52436845537
1.45636287081,0.816211234715,2.57475445822,36.3192692011,5.11225915822,94.1521382814
1.6715222911,1.13421123471,2.97397184952,16.116012234,39.0382164298,44.9344718137
1.82501504472,1.2319358724,3.31958054518,40.2403906818,25.4338039819,69.8248643088
1.78437736356,1.25529819124,3.75105880605,364.356144877,17.9579110146,182.286662634
1.43981214617,1.02070398834,3.25513126981,147.716720212,42.3614030883,172.866024132
0.694580262115,0.469443118773,1.94787040025,18.7654524705,20.7165389655,124.009380116
0.199493305593,-0.259382968184,0.561479095901,30.0981307642,24.3211657586,74.3472403218
-0.0473617668705,-0.668035142097,0.416131269814,4.60598938447,31.8295182152,45.9389263933
-0.203796549479,-0.944585866735,0.100508081409,34.1030159386,6.30674800825,30.5685768025
-0.469332781363,-1.00049891021,-0.135984672215,21.4929292951,35.7444958269,225.118617532
-0.35699944803,-1.15286122905,-0.0550716287364,56.2753358587,21.4498427624,76.9873447766
-0.235695100204,-1.06894818558,-0.0369556867074,36.8578806781,6.7270016859,35.3883326658
-0.902941477015,-0.944600359488,-0.320491918591,74.1265195633,83.5600984738,329.838351106
-0.507593650928,-0.870238040648,0.109870400249,8.07510250076,13.9998919487,5.25611655871
0.160942580956,-0.762571373981,0.559102284307,27.558208317,7.05027555443,20.8300085775
0.213203450521,-0.704803258039,0.829218226336,24.2787132808,23.9601776615,42.8316809615
0.135275914289,-0.609861229053,0.916508081409,15.1741756007,28.2273224189,124.84839986
0.222275914289,-0.628542388474,0.927624023437,61.6788179501,69.2553011689,246.350960614
0.496507798347,-0.538310504416,1.01078344373,25.9758192645,5.42263851733,41.1111292654
0.283116493999,-0.401730794271,0.962841414742,7.8251757244,70.9804246471,174.78335424
0.329275914289,-0.416382968184,1.30673996547,187.110894554,131.818232164,604.931453356
0.481507798347,-0.333832243546,1.53143561764,8.48862055079,16.3340919716,49.5499577779
0.611044030231,-0.0769336928216,1.54392837126,33.5475693649,1.78209598609,10.6883908877
0.898928088202,0.0530952926857,1.9256675017,12.3185717715,2.38802732927,29.1228306762
0.988986059216,0.282457611526,2.22563851619,248.709489068,167.987746917,587.381209398
1.18729040704,0.412588046309,2.43072547271,28.0523984085,14.8921335057,108.150654106
1.05729040704,0.596327176744,2.58536315387,145.663750565,15.7555010423,135.205492949
1.20782663893,0.697414133265,2.52424721184,105.673033204,9.49016072582,292.352415475
1.33278316067,0.912863408628,2.77639213938,104.80002357,44.1710844241,324.322141876
1.53085562443,0.989602539062,3.25139213938,17.1742465189,19.1383008615,44.4919362107
1.46043533458,0.941211234715,3.32387040025,30.036419983,11.909841519,9.60306855038
0.553246928782,0.450080799932,2.14439213938,130.527262693,26.0542871917,86.7223285454
0.0418266389266,-0.222324997169,0.668971849524,33.7440330372,54.8902250916,224.703827443
-0.401405245131,-0.981035142097,-0.312346991055,25.1192205828,15.4765476845,105.065000868
-0.622883506001,-1.31590470731,-0.477883222939,102.516216435,15.0575762065,47.2808379275
-0.722419737885,-1.56118006963,-0.8229267012,37.427146926,1.65923298006,35.2702772658
-0.795869013247,-1.68761485224,-0.830231049026,140.924917955,54.4036541306,105.916412683
-1.00624582484,-1.75010760587,-0.869593367867,441.23891195,5.6753014344,547.222507032
-0.692129882812,-1.64746992471,-0.915071628736,197.491295631,22.4415438073,135.33113056
-0.443173361073,-1.59660035949,-0.641535396852,21.1703801347,42.7385486248,183.248421949
-0.372695100204,-1.39035398268,-0.439578875113,36.8694545366,63.2411933834,78.5944785749
-0.510303795856,-1.24918006963,-0.336375976562,31.0206457008,11.3483239315,16.5480397707
-1.0070719118,-1.21377427253,-0.385781773664,3.82278591398,2.69612961756,0.259694031997
-0.402912491508,-1.12028151891,-0.187941193954,67.7475385166,79.112575408,122.286293393
-0.172782056726,-1.20475977978,0.152739965466,13.2959036938,34.0897597589,104.085474135
-0.143477708899,-1.08513659137,0.163087791553,22.4134563185,3.21718446744,27.7140112782
-0.14836176687,-1.03952789572,0.264174748075,26.060439164,31.2479703418,32.0259456684
0.0346237403759,-0.832658330503,0.42391387851,67.7495046676,72.2426493183,129.62885466
-0.0264052451313,-0.753513402966,0.581261704597,116.226954092,7.1112864818,11.7515800097
0.113102001245,-0.557136591372,0.884710979959,101.690427484,32.772078236,206.48514679
0.496754175159,-0.373832243546,1.27213126981,12.8922787347,13.0850365391,204.00515618
0.489594754869,-0.206730794271,1.57992837126,9.51456574721,19.4365868738,91.0286315101
0.764406349072,-0.02368731601,1.94094286402,30.8395258133,14.195706107,159.965921027
0.97331939255,0.254269205729,2.15924721184,41.7998969539,84.2808349316,206.771731675
0.940928088202,0.315501089787,2.468884893,27.8847467037,5.31600682432,34.9352637526
0.900536783854,0.546761959352,2.32031967561,42.5956346177,22.2375515121,59.5864371095
1.12050779835,0.744819930367,2.68968199445,57.4250026654,9.58502884935,63.9212432937
1.53810200125,0.848037321671,2.95440663213,126.283913624,93.6313074082,430.041803299
0.802913595448,0.348095292686,2.46043561764,298.325788924,81.3615597558,635.836185039
0.331188957767,-0.133542388474,0.854739965466,228.971254782,176.519814171,698.554907737
-0.261622636436,-0.767977171082,0.350334168365,56.9161104882,60.3205072199,102.608795102
-0.580941477015,-1.3458467363,-0.262549889606,124.55420005,50.2546829242,173.565991409
-0.791376259624,-1.73297717108,-0.813158585258,11.6831578776,49.6428131705,71.5262903866
-0.852883506001,-1.81836847543,-0.969042643229,62.4606501918,47.0126606792,252.763118721
-0.888622636436,-1.8322525334,-0.903738295403,10.7979034129,12.7132431206,44.8165670152
-0.74331828861,-1.83013659137,-1.02081075917,51.5061155092,53.4299453252,99.6286393309
-0.860100897305,-1.79219456239,-0.853651338881,146.748541865,82.5071037583,250.084975101
-0.472738578465,-1.58581775079,-0.701999164968,3.94958677684,42.4575904351,116.375212902
-0.582825534986,-1.63358586673,-0.427042643229,52.0858464941,8.08775725727,22.9029777099
-0.412912491508,-1.43294818558,-0.281129599751,58.8107460149,26.9449800046,121.418765294
-0.594405245131,-1.4552525334,-0.281520904099,168.756038835,27.4351202138,152.374625894
-0.216955969769,-1.46470180876,0.00016025532156,334.344806884,6.94664128149,259.169412908
-1.11570959296,-1.30113659137,-0.512216556273,43.3047380135,29.7641730802,42.5721770836
-0.541405245131,-1.20132499717,-0.219303512794,52.7531256631,55.1818073846,222.907843958
-0.0855646654212,-1.20049891021,0.172768950974,36.2508204746,41.6942289877,153.441699621
-0.147492201653,-1.13135398268,0.380174748075,8.71091070748,6.31629921649,18.0360798958
-0.0419849552763,-0.87268731601,0.659247211843,111.412805206,85.4691372847,317.605344988
0.302087508492,-0.643571373981,1.03908779155,9.86596605015,24.4283143567,28.4280925036
0.640942580956,-0.420078620358,1.54310228431,96.6676135783,35.6347446909,369.253418422
0.70000055197,-0.122759779778,1.85891387851,96.9821362507,44.4228100305,189.609269753
0.72163823313,0.210588046309,2.1334790959,164.440098901,183.866722842,693.595740172
0.960913595448,0.223196741961,2.60910228431,255.064242573,73.8860179951,544.115140853
1.00395707371,0.333544568048,2.45179793648,44.3695200285,38.2039211224,101.130903058
1.43704403023,0.632776452106,2.86598634228,32.2015536968,45.3348609454,62.0349522984
1.36818895777,0.818703988338,3.20669648721,32.2581343404,71.9140734639,180.657655565
1.64831939255,1.10086340863,3.56358054518,76.2274958063,19.989841785,70.5560005785
1.14772518965,0.775921379642,3.25278344373,139.688726465,85.0069595405,384.240874818
0.154044030231,0.0327329738451,1.84762402344,52.9447298913,62.331986269,154.977732354
0.116986059216,-0.656267026155,0.616131269814,133.489952605,92.1086719557,270.57871074
-0.579767563972,-1.09081775079,-0.198883222939,5.45629810337,22.050939741,131.577726303
-0.615115390059,-1.44512209862,-0.112318005548,63.2825763686,18.8185994397,85.9353596033
-0.63884002774,-1.5044409392,-0.384738295403,88.836590361,37.8600638809,194.120278909
-0.590405245131,-1.73189021456,-0.368883222939,92.4506480036,172.820288136,339.380497717
-0.544709592957,-1.65471630152,-0.370491918591,104.819036714,82.9448043182,235.218120054
-0.65731828861,-1.46633948992,-0.22356438236,72.6030097582,22.6744856891,134.439767122
-0.519463216146,-1.32952789572,0.0664646031476,157.600072084,133.773013033,356.784202859
-0.197274810349,-1.14064383775,0.197464603148,115.411715672,113.012606099,707.281532699
-0.110129882812,-0.974281518909,0.552087791553,136.540763608,58.7190120842,234.607653713
-0.173202346581,-0.909933692822,0.513305182858,42.9458803912,46.0532969717,168.813242772
0.0688266389266,-0.9318467363,0.52791387851,71.984843011,67.0780318098,194.490065431
-0.0131008973053,-1.00351340297,0.65775445822,54.4821210476,64.1136828034,202.352175259
-0.0215501726676,-0.794223547894,0.601884893003,1.14261176151,11.5798537149,22.8054784638
-0.356622636436,-0.552832243546,0.518870400249,108.497339887,50.2466188494,110.167819176
-0.322593650928,-0.484310504416,0.904145762568,82.5581063599,31.1550948078,98.1942970079
0.430623740376,-0.351556881227,1.41742112489,86.3618007238,28.4337399465,63.2961998406
0.396102001245,-0.0839916638361,1.74846460315,397.655766947,23.6057477907,170.911714034
0.773015044724,0.186022828918,2.06073996547,105.1135284,17.9419513606,56.8112099285
0.924710696898,0.272095292686,2.47765300894,78.0993412378,11.774902026,1.54089446256
1.03375417516,0.559399640512,2.34756605242,6.65859130285,21.3004630825,37.9072606973
1.22488460994,0.729544568048,2.60617474808,74.6536430963,52.3416332594,229.426265757
1.15917446501,0.899196741961,2.90840663213,68.9060925584,76.1281383129,213.796916709
1.26408750849,1.06376195935,3.09952257416,143.790916437,120.945954437,456.207995098
1.68175417516,1.19116775645,3.64779793648,69.0037770842,15.4494504727,270.466123319
1.72484113168,1.41680543761,3.99360953068,172.991288187,107.24294157,423.41975646
1.44687011719,1.38619674196,4.04931967561,16.6300878265,29.7030675233,40.8670271132
1.30868171139,1.05368949558,3.41994286402,81.9728778863,66.0531112947,146.894342251
0.355884609941,0.354747466599,1.95450808141,15.5049041325,15.019079449,98.1787728795
-0.238506694407,-0.362194562387,0.685218226336,360.198297027,263.97908101,893.360682782
-0.20899944803,-0.777035142097,0.0827834437274,299.925307066,139.944214877,888.969516454
-0.76915886832,-1.19389021456,-0.517549889606,214.705631812,210.895649585,691.030947527
-0.966535679914,-1.36952789572,-0.777071628736,18.096709834,75.9217663482,182.536085979
-0.94368060745,-1.47061485224,-0.808477425838,52.9864530124,20.6235578454,219.974382744
-0.844608143682,-1.50945543195,-0.906042643229,25.2475450594,3.8736926481,86.2646681097
-0.876926984262,-1.42739746094,-0.919346991055,344.315212891,267.665304409,919.904208484
-0.673303795856,-1.36922354789,-0.662506411345,58.9257330688,19.6832452297,54.9543410583
-0.524622636436,-1.24529601166,-0.586752788157,219.974815853,100.299182541,413.723255445
-0.63484002774,-1.24583224355,-0.550129599751,129.300580869,101.511768725,386.67901012
-0.721767563972,-1.25913659137,-0.596187570765,349.22293617,126.845758217,983.352432921
-0.50752118716,-1.20720905514,-0.570810759171,0.19163372859,8.71287420906,8.64084494943
-0.480202346581,-1.13281775079,-0.645057135983,190.052784822,112.381723652,346.540167252
-0.654071911798,-1.09445543195,-0.688144092505,157.133743018,45.5604698264,259.317326936
-0.537955969769,-1.11039746094,-0.42524554178,13.6761739278,22.5502592128,81.9801138009
-0.928651621943,-0.804919200068,-0.726723802649,151.996482141,86.7116754175,268.446016274
-0.90052118716,-0.478643837749,-0.60508612149,292.692264107,59.126977071,369.760338109
-0.0802603175951,-0.583020649343,0.040681994452,22.5912377849,17.8107594899,19.2753308958
0.110754175159,-0.335426446445,0.298479095901,8.15352571766,6.25599178589,19.3863672159
0.0134933055933,-0.225440939198,0.717624023438,42.3774586724,131.580092627,440.048126739
0.407261421535,0.0779503651495,0.992551559669,43.9477579285,24.5459977931,96.7040822896
0.490377363564,0.33747210428,1.23062402344,44.4717045927,80.3951724659,183.494724531
0.708304899796,0.499109785439,1.51916025532,105.760509007,217.672197069,27.3358254785
0.71784113168,0.797341669497,1.73373996547,214.656606739,51.8888066633,273.898853404
0.981609247622,0.764008336164,1.98887040025,67.0732642474,6.30542109085,2.62451526971
0.621275914289,0.894109785439,1.88279793648,2.46564408436,31.9899535971,104.684409219
0.75868171139,0.558008336164,1.47631967561,3.74739047056,62.4617604195,69.0981364179
-0.034071911798,0.0504141332654,0.0245515596694,208.411737473,247.627856309,900.966668052
-0.567115390059,-0.668426446445,-0.878289020041,43.5751249172,16.7608733374,170.685918485
-1.0550719118,-1.03615108413,-1.4679267012,103.459883927,93.8171905758,383.387541007
-1.03720234658,-1.37938296818,-1.81202815048,139.987835138,62.5315434166,526.033791586
-0.797579158175,-1.4542525334,-1.68817307801,124.565720067,151.124042094,420.472474262
-0.963028433537,-1.33946992471,-1.64150641135,117.833515821,158.694179149,883.527163601
-0.749753071218,-1.19094818558,-1.51634699106,15.8302671962,12.3178428604,69.1461641522
-0.671071911798,-1.03041195369,-1.48218757077,173.53949117,37.9590377951,497.754267787
-0.553912491508,-0.915455431952,-1.18079626642,128.198793246,172.901138146,498.861207372
-0.523144375566,-0.826194562387,-0.915825251925,30.0062536365,4.9686328068,20.5989920188
-0.349622636436,-0.810817750793,-0.673491918591,50.6237595978,26.8395849492,1.2299730157
-0.258274810349,-0.775585866735,-0.688810759171,40.8229265545,52.9297591358,321.692518538
-0.22552118716,-0.62236847543,-0.720057135983,646.377412735,413.869498029,1358.83833879
-0.369100897305,-0.642817750793,-0.748680324389,145.563432328,240.801042379,842.056370302
-0.517028433537,-0.647962678329,-0.727042643229,320.664127757,244.803701902,1563.67400991
-0.27652118716,-0.532730794271,-0.494303512794,154.79914602,177.499132539,540.874863209
-0.118448723392,-0.316049634851,-0.483651338881,282.174273135,266.136141289,1037.2233776
0.0522469287817,-0.304658330503,-0.15040496207,81.4487042832,8.79985909175,132.153442257
-0.395187853827,0.113124278193,-0.214651338881,73.5625086363,25.2139570633,170.184938446
-0.0563762596241,0.117211234715,0.354305182858,130.699632082,106.114609806,668.887222241
0.569464320086,0.396559060802,0.731160255322,659.492792411,512.184793454,2345.60336383
0.735493305593,0.475109785439,1.07811677706,79.0410318036,103.357883774,289.208568101
0.749522291101,0.681602539062,1.47127619735,141.294077544,6.12350840582,24.8501681563
1.0013338853,0.910805437613,1.98476895097,86.9390967564,122.944639203,174.44814423
1.41939185632,1.09941413327,2.22595735677,2.15207759352,1.79908849131,62.0513930269
0.782174465014,0.956225727468,1.79836315387,162.088031308,128.156425997,424.876305485
0.309304899796,0.250776452106,0.702247211843,3.56323948359,53.285311032,1.42959259284
-0.179984955276,-0.394629344995,-0.389361483809,144.824861328,144.380194828,505.925563038
-0.352622636436,-0.789411953691,-0.925129599751,51.8356127249,123.040441416,282.579118639
-0.705086404552,-1.16378876529,-1.20368032439,320.207909958,190.097460805,568.6220221
-0.677897998755,-1.24981775079,-1.27539046932,64.8947135797,70.312344976,104.093611442
-0.673274810349,-1.19986122905,-1.30740496207,134.239352937,37.2444139417,141.201094155
-0.403173361073,-1.12431050442,-1.13382525192,13.0105740982,4.51695537566,135.557470798
-0.433695100204,-1.05593369282,-0.914955686707,16.7183873495,14.8815308785,92.0946146206
-0.481216839334,-0.833774272532,-0.687984672215,54.2624240537,34.5568500998,222.739658208
-0.327260317595,-0.63668731601,-0.181506411345,110.724693581,179.564072038,593.875908641
-0.205854520494,-0.487397460938,0.108363153872,180.296316404,53.9641319817,390.28954847
-0.14331828861,-0.507759779778,0.0965225741622,557.036053283,578.779942942,1995.72028509
-0.04884002774,-0.27716557688,-0.00517307801178,144.297907299,106.681818862,720.235463578
-0.0436951002038,-0.229643837749,0.135739965466,175.091396146,80.0692921513,686.597731393
0.287870117188,-0.200977171082,0.499653008945,26.6302235656,7.89144243401,100.775161
0.19200055197,-0.0704699247056,0.824479095901,371.174703248,356.743603333,945.029011832
0.588246928782,0.267515582541,0.978348661119,366.968753693,164.992092937,553.860026123
0.757203450521,0.426848915874,1.46817474808,338.813505841,300.699881977,1320.41443454
0.803246928782,0.732428626019,1.61879793648,652.088839167,640.166265695,3014.06350394
1.13659475487,0.912559060802,2.17359503793,175.588089971,164.238668366,754.461376851
1.2633338853,1.05860253906,2.4424790959,24.8447446969,79.8575177339,214.345739593
1.27665272588,1.1353416695,2.19237764663,185.005090641,318.655190587,630.713301372
0.987406349072,1.53763152457,2.29646460315,223.58760911,258.415427836,941.652056429
1.04791359545,1.89425471298,2.53418924083,239.995713928,218.575776155,1382.65902925
1.58960924762,1.84603732167,3.44510228431,211.726042706,214.866341001,782.659658139
1.5195222911,1.71687790138,3.42162402344,968.221298922,810.009310859,3749.55481537
0.975812146173,1.20632717674,2.32527619735,192.09876152,153.36521339,465.00467675
0.0811309867527,0.361327176744,0.86091387851,292.132883608,164.344099951,586.977382704
0.097275914289,-0.0453684754303,0.423087791553,334.039876346,123.860421995,806.51501979
-0.448535679914,-0.579933692822,-0.13924554178,79.8754082521,83.4526643943,448.622268817
-0.256100897305,-0.805122098619,-0.322462933084,456.246002547,327.295282951,1379.38173742
-0.591941477015,-0.817426446445,-0.480854237432,419.780604698,436.037835006,1303.69048351
-0.40368060745,-0.879310504416,-0.403318005548,394.954221275,583.315649364,1977.31103535
-0.323897998755,-0.783411953691,-0.249216556273,73.1731167641,145.119779317,507.261784129
-0.213926984262,-0.681672823256,0.0138559074955,657.393467426,621.486305939,2526.25645702
0.0214498273324,-0.420093113111,0.344884893003,44.5110930587,87.5974836089,420.908508033
0.207580262115,-0.261614852242,0.50759503793,378.234224062,172.585085202,1023.74066834
0.215015044724,-0.172324997169,0.721522574162,25.3560104563,78.7192249744,9.41793086133
0.164174465014,-0.17336847543,0.801464603148,24.0198625384,255.350410089,223.728941059
0.242623740376,-0.221759779778,0.847160255322,721.527940831,157.149765047,1040.82376466
0.591986059216,-0.150484417459,1.00730518286,81.8442254319,36.9055104585,20.9621452335
0.357986059216,0.00768949558424,1.03939213938,87.2507039017,31.4347527354,187.502040146
0.631449827332,0.102718481091,1.40108779155,8.06137997272,0.00797456216201,138.703930334
0.890870117188,0.38631268399,1.63633416837,7.79590065813,20.6642724416,6.49761929407
1.03982663893,0.56547210428,1.98969648721,68.7053189494,112.988801381,251.002343094
1.0027106969,0.624356162251,2.40620373358,217.203218068,170.256763148,731.927106116
0.893015044724,0.922080799932,2.06891387851,236.844588267,78.5046646579,678.751218485
1.55668171139,1.14818224921,2.46336315387,31.1839687548,8.50880099298,155.200084914
1.33434837806,1.3927474666,2.68439213938,149.725441732,268.76558947,1058.18286277
2.07823243603,1.67466051008,3.30294286402,52.5079807969,31.9416480131,160.908093164
2.01827591429,1.85997935066,3.92518924083,114.530869861,190.595678488,784.484601473
2.33360924762,2.02766051008,4.3546675017,253.336976203,248.96664689,1003.73284799
1.64240634907,2.08979094486,4.00195735677,505.325003497,366.054275233,1547.84802887
1.03094258096,1.57351558254,3.01002982054,231.100756325,177.937509401,726.287466543
0.76084113168,0.72463152457,2.24149358865,401.529019643,530.611751158,2813.63543256
0.319652725883,0.205008336164,1.39097184952,1076.65630223,1013.62594862,3456.80091301
0.525739682405,-0.0203249971694,1.40616025532,288.412417454,407.923246715,1326.87126263
0.627797653419,-0.224064127604,1.28531967561,1082.07907129,1485.36043692,5008.16039585
0.307015044724,-0.222064127604,1.05398634228,519.05636341,525.597704871,1765.0890059
0.389710696898,-0.315832243546,1.36868199445,397.984356253,455.103041458,1374.22214945
0.754362870811,-0.153267026155,1.41327619735,430.559934767,367.045016483,1975.13963815
0.435203450521,-0.0854119536911,1.66791387851,899.394498733,921.975173978,3156.88614767
0.70384113168,0.244617031816,2.00356605242,4263.92214645,7208.69813976,19049.2371285
1.1137396824,0.375501089787,2.36905880605,528.490091866,1005.96623981,2637.7400073
1.05850779835,0.509602539062,2.49260953068,111.865039609,406.454570836,695.815803437
1.06810200125,0.452588046309,2.17478344373,2119.56721227,2095.96642459,5981.64061047
1.32558026212,0.552906886889,2.35405880605,1025.13553267,1119.20135099,4707.91964132
1.43023243603,0.62283442312,2.4512906901,517.022975716,566.231329099,882.081138862
1.50700055197,0.739718481091,2.65889938576,47.6362405619,15.7826210208,25.7827640942
1.43413098675,0.925167756454,2.76202982054,1515.36841856,1749.47785957,4669.53905138
1.72365272588,1.16987790138,3.17114576257,21.5048923078,127.952020446,200.040033176
1.75526142154,1.33638514776,3.38773996547,233.613931546,11.4670785218,155.610368311
1.92458026212,1.58518224921,4.12610228431,1594.6078602,557.174578116,3902.03202551
1.94463823313,1.72813877095,4.43671097996,299.206606262,683.444359875,2331.02217321
2.24901504472,1.94179094486,4.58184141474,15.2942455245,21.4372844736,50.2403233258
2.41731939255,2.19832717674,4.90765300894,9.65777207726,1.52520251127,56.9068872418
2.65047881284,2.42603732167,5.37316025532,24.8262284131,28.1496558199,289.76448126
-0.47252118716,-0.536556881227,0.512884893003,42.5842358097,106.503523885,35.0651198018
-0.441071911798,-0.329223547894,0.779580545177,157.422002959,300.259995404,379.685231549
-0.925695100204,-1.2306583305,-0.714955686707,13.6074577087,53.3456461362,513.900226787
-1.56060814368,-1.30249891021,-1.27665133888,36.1104433856,77.7624477894,121.826867801
-1.67423133209,-1.95473079427,-2.04007162874,916.185971084,963.591850965,4103.6478149
-2.59873857846,-2.50109311311,-3.31026003453,82.9365534776,106.820232702,363.954724289
-2.88784002774,-2.93112209862,-3.89889771569,98.3561274197,21.0412617545,415.771509979
-2.46672408571,-3.22420905514,-3.95836148381,348.401747329,377.977435655,1261.72313751
-2.811883506,-3.28693369282,-4.37656438236,255.616231584,123.67438019,638.262721449
-2.81273857846,-3.33132499717,-4.2993324983,77.041571391,62.3733356723,43.8162345233
-0.698825534986,-1.32170180876,-0.763274527287,218.302914876,151.467787293,446.239370769
-0.677593650928,-1.10707862036,-0.870216556273,181.090542023,87.3339709764,517.325334587
-0.570767563972,-0.949817750793,-0.601071628736,885.554062424,1205.31384206,4349.9816716
-0.491869013247,-0.918861229053,-0.0751006142437,550.239760333,715.390903277,2118.82020979
-0.34352118716,-0.766223547894,0.230580545177,156.315719309,45.3552147124,308.246938893
-0.119753071218,-0.707498910213,0.490928371264,1162.63769106,1613.64006122,5619.69925999
-0.17099944803,-0.585817750793,0.356899385756,1735.43573944,2278.24521232,7201.24739683
-0.0276371291893,-0.556948185575,0.699797936481,5129.270327,6136.81002963,16743.6202137
0.0177976534194,-0.434180069633,0.695377646626,1372.03966197,1868.54557046,5191.75539721
0.0644788128397,-0.332948185575,0.734522574162,1511.47022106,2924.81421624,6830.09090546
-0.00912988281249,-0.256411953691,1.00618924083,170.386594054,324.085881728,885.506325543
0.388623740376,0.02731268399,1.3622617046,11079.8589885,12630.9074506,34781.9036782
0.617536783854,0.234370655005,1.45117474808,29492.3593933,40805.4255792,107321.545961
0.751609247622,0.311863408628,1.9174790959,11789.4911015,16240.7027264,41232.619289
1.06494258096,0.530703988338,2.27220373358,2645.03332336,3727.02021029,9273.15349418
0.956913595448,0.757399640512,2.6762906901,5688.28784324,7027.07022879,22063.2942629
1.13755127661,0.927022828918,2.76492837126,3031.23489843,3074.31511137,10440.2111393
1.17031939255,1.05387790138,2.91427619735,106.560833003,80.7993365402,600.910665032
1.50420345052,1.2091532637,3.3580732988,1313.30877993,1926.3607496,5297.20636973
1.62601504472,1.45276195935,3.56916025532,609.924029476,1550.29863345,2560.4746094
1.45876866791,1.46980543761,3.83855155967,1040.87664305,573.440524062,2648.36088298
1.54601504472,1.5701532637,3.77310228431,357.974480884,500.594597208,1661.36038866
1.21250779835,1.03658804631,2.79420373358,1161.79283393,1479.21457216,4176.84866264
0.476536783854,0.459399640512,1.49991387851,608.557819393,462.742099193,1467.18378595
0.136797653419,-0.0974989102129,0.834203733582,72.2951080033,147.85620815,273.260840448
-0.517506694407,-0.405020649343,-0.156796266418,360.270571313,620.536472503,1286.91063858
-0.615028433537,-0.671353982677,-0.263883222939,980.389211523,754.853151172,3035.51820151
-0.68684002774,-0.852324997169,-0.324506411345,788.09432289,689.346807662,2378.06110024
-0.418753071218,-0.932238040648,-0.253346991055,681.0155527,714.876982607,2151.86220428
-0.507883506001,-0.823455431952,-0.332274527287,922.467566469,736.165734357,2708.27220197
-0.456390752378,-0.71468731601,-0.317999164968,1079.20245177,1276.2587626,3693.82685712
-0.516984955276,-0.598411953691,-0.157723802649,1367.04030088,959.791741097,3209.3198094
-0.195187853827,-0.494238040648,0.167725472713,84.3596522777,66.3542902051,296.797593329
-0.000608143682065,-0.485455431952,0.378537066916,750.700021801,1017.6592105,2356.12569005
-0.0172748103487,-0.355223547894,0.262102284307,47.4451263319,34.2096243532,14.5272432505
-0.141347274117,-0.374716301517,0.193044313293,40.7564110559,157.603877083,208.104684103
-0.138216839334,-0.345382968184,0.197566052423,1171.91843917,1259.35570045,5218.79831447
-0.177303795856,-0.30916557688,0.0459573567708,728.952566401,1195.41879845,1543.87952885
-0.20536176687,-0.204991663836,0.0470588060462,413.092147088,427.926064988,1178.062023
0.249826638927,-0.168991663836,0.431464603148,798.268352763,829.008768174,2955.84372694
0.121449827332,0.119617031816,0.465058806046,907.000957542,728.150980483,1730.13741666
0.575203450521,0.294646017323,0.727276197351,1768.82049544,1378.39100674,5960.58362367
0.524493305593,0.340689495584,0.952508081409,288.187986889,130.449345118,787.362085587
0.436536783854,0.634819930367,1.04379793648,5809.69258559,7103.74919641,13834.5644468
0.448275914289,0.780819930367,1.16313126981,4793.89860002,5006.425029,17251.5244414
0.748217943274,1.02197935066,1.47518924083,7273.27184369,8253.96953622,23693.1746289
1.26597156646,1.32547210428,1.90760953068,2304.86227736,3477.97675985,10669.0871568
1.51791359545,1.59161703182,2.33723271909,5.31101301133,13.2415336628,92.2734455115
1.34826142154,1.63767500283,2.57575445822,9853.16507042,13661.3374435,28889.3521909
1.39872518965,1.54616775645,2.61949358865,26590.5956929,40359.728433,99770.2471096
1.28515997226,1.16686340863,1.94894286402,129406.333766,207772.28501,446013.392729
0.402188957767,0.527196741961,0.902377646626,11727.7473312,16239.9086543,50075.0110256
0.207826638927,-0.0380061565897,0.151319675611,9393.54003814,13170.4534739,38481.991014
0.0714208418252,-0.433194562387,-0.240506411345,9471.67409432,3950.89053203,21345.8448342
-0.249376259624,-0.659324997169,-0.458115106997,547.358244058,2536.74172208,4748.90006989
-0.442535679914,-0.36100615659,-1.2145209041,11753.7144643,18701.7442657,41630.6252916
-0.609187853827,-0.588933692822,-1.00789771569,1430.44698299,3939.50725249,5575.74427685
-0.166303795856,-0.45636847543,-0.706810759171,1495.15004065,2229.82858719,6094.34682142
-0.314854520494,-0.390426446445,-0.346491918591,9171.87248895,8533.41240593,25500.470904
0.0289715664629,-0.308223547894,-0.0253904693161,5933.11190233,8334.46578064,16430.0883755
0.0299135954484,-0.236730794271,-0.00636148380889,1584.03625208,820.311529128,2918.5432172
-0.148608143682,-0.112585866735,0.173841414742,7611.87655423,6584.70646929,23014.1835877
-0.0233907523777,-0.142093113111,0.199812429235,946.404472773,1464.55650851,477.430694095
-0.0441298828125,-0.0974989102129,0.167363153872,2537.71343485,1117.62013501,7010.83684505
0.0633338853034,-0.0778612290534,0.257493588655,8146.5936364,10036.2285658,29729.6402434
0.228377363564,-0.0252815189085,0.586942864017,2230.16489251,2786.2248513,8455.55065145
0.241102001245,0.0862836984828,0.57723271909,2040.65024113,3753.25953821,6813.95120706
0.347348378057,0.293747466599,0.857218226336,13420.281664,17750.7542752,41860.312475
0.557377363564,0.574848915874,0.955189240829,4196.02337708,3828.61986799,11813.380631
0.76215997226,0.590008336164,1.27382692199,1032.0486406,1513.29138563,1503.75153544
0.781261421535,0.835080799932,1.62672547271,1645.47189978,2574.14056698,5815.57990558
0.850304899796,1.01879094486,1.85130518286,1325.07480089,1777.9689034,7607.53724123
1.26759475487,1.15735616225,2.32297184952,3640.10553565,3433.70706445,8290.83308145
1.32953678385,1.3363416695,2.72404431329,12037.8748168,12302.6135298,17253.5210867
1.45760924762,1.52777645211,2.9862617046,19047.9872485,28961.7860284,34634.6640893
1.71342084183,1.69877645211,3.3576675017,3087.13008922,1151.53334309,17042.222647
1.58326142154,1.66635616225,3.26542112489,11736.4979014,9102.27580957,32830.2590317
1.22855127661,1.10254456805,2.48676895097,7381.0693037,13984.5339442,29992.1157149
0.493957073709,0.449805437613,1.3266675017,12371.3262195,4310.03810069,33182.2994272
-0.0073182886096,-0.106310504416,0.421855907495,62637.1128493,57747.2704359,168086.012059
-0.0116081436821,-0.514136591372,0.00446460314765,19888.1588228,32265.2847153,6919.78309124
-0.23552118716,-0.725875721807,-0.169419454823,11690.1802894,5824.90936925,66691.0794562
-0.209926984262,-0.737788765285,-0.141042643229,27867.1842632,64857.3836175,48212.172279
-0.515028433537,-0.698136591372,-0.343477425838,50615.3713106,52165.2151692,135212.97085
-0.200376259624,-0.769397460938,-0.163260034534,5502.80398183,4300.34949604,26036.7066353
-0.707187853827,-0.621948185575,-0.442477425838,69697.5404379,188662.93611,69647.1615323
-0.337332781363,-0.51000615659,-0.100216556273,5660.96043382,87311.2332385,181445.221678
-0.480245824841,-0.381962678329,0.0914211248868,8.56988195173e-24,1.52723471251e-27,8.07793566946e-28
0.0614063490716,-0.257817750793,0.376899385756,5660.96043382,87311.2332385,181445.221678
-0.0728110422328,-0.327513402966,0.379841414742,69697.5404379,188662.93611,69647.1615323
-0.0578110422328,-0.295122098619,0.411015327785,5502.80398183,4300.34949604,26036.7066353
0.15200055197,-0.258122098619,0.608942864017,50615.3713106,52165.2151692,135212.97085
0.240667218637,-0.00823804064764,0.527464603148,27867.1842632,64857.3836175,48212.172279
0.538667218637,0.0588054376132,0.845464603148,11690.1802894,5824.90936925,66691.0794562
0.458464320086,0.216167756454,0.991812429235,19888.1588228,32265.2847153,6919.78309124
0.301710696898,0.385385147758,1.24178344373,62637.1128493,57747.2704359,168086.012059
0.803406349072,0.665341669497,1.67420373358,12371.3262195,4310.03810069,33182.2994272
0.83463823313,0.815356162251,1.98050808141,7381.0693037,13984.5339442,29992.1157149
0.694696204144,1.00016775645,2.1072906901,11736.4979014,9102.27580957,32830.2590317
1.09276866791,1.16577645211,2.56953706692,3087.13008922,1151.53334309,17042.222647
1.23275417516,1.37335616225,2.88511677706,19047.9872485,28961.7860284,34634.6640893
1.5047396824,1.62342862602,3.37745011039,12037.8748168,12302.6135298,17253.5210867
1.72847881284,1.88832717674,3.66159503793,3640.10553565,3433.70706445,8290.83308145
2.09308750849,2.09421123471,3.98446460315,1325.07480089,1777.9689034,7607.53724123
1.59929040704,1.64858804631,3.46371097996,1645.47189978,2574.14056698,5815.57990558
0.953275914289,1.02019674196,2.36482692199,1032.0486406,1513.29138563,1503.75153544
0.352116493999,0.384660510077,1.07039213938,4196.02337708,3828.61986799,11813.380631
-0.0290574190444,-0.235064127604,0.456696487206,13420.281664,17750.7542752,41860.312475
-0.192984955276,-0.613542388474,0.18859503793,2040.65024113,3753.25953821,6813.95120706
-0.148970462523,-0.589122098619,0.173421124887,2230.16489251,2786.2248513,8455.55065145
-0.21784002774,-0.50216557688,0.0549863422781,8146.5936364,10036.2285658,29729.6402434
-0.196709592957,-0.537730794271,0.0844646031476,2537.71343485,1117.62013501,7010.83684505
-0.149695100204,-0.285440939198,0.114145762568,946.404472773,1464.55650851,477.430694095
0.0202904070426,-0.305716301517,0.625522574162,7611.87655423,6584.70646929,23014.1835877
0.136174465014,-0.0961510841259,0.743029820539,1584.03625208,820.311529128,2918.5432172
0.00907301573823,0.140051814425,0.68323271909,5933.11190233,8334.46578064,16430.0883755
0.219667218637,0.102761959352,0.833247211843,9171.87248895,8533.41240593,25500.470904
0.188377363564,0.134486597034,0.906826921988,1495.15004065,2229.82858719,6094.34682142
0.397522291101,0.127979350657,1.1042617046,1430.44698299,3939.50725249,5575.74427685
0.122188957767,0.173515582541,1.00956605242,11753.7144643,18701.7442657,41630.6252916
0.363551276608,0.332211234715,1.24321822634,547.358244058,2536.74172208,4748.90006989
0.346348378057,0.477037321671,1.45842112489,9471.67409432,3950.89053203,21345.8448342
0.546623740376,0.606646017323,1.71782692199,9393.54003814,13170.4534739,38481.991014
0.666870117188,0.78863152457,2.00068199445,11727.7473312,16239.9086543,50075.0110256
1.06414547951,0.882776452106,2.438884893,129406.333766,207772.28501,446013.392729
1.22818895777,1.23157355356,2.78652257416,26590.5956929,40359.728433,99770.2471096
1.41556576936,1.38266051008,3.12300083503,9853.16507042,13661.3374435,28889.3521909
1.61939185632,1.67135616225,3.35673996547,5.31101301133,13.2415336628,92.2734455115
1.72931939255,1.80800833616,3.73542112489,2304.86227736,3477.97675985,10669.0871568
2.00802953748,2.09622572747,4.12989938576,7273.27184369,8253.96953622,23693.1746289
1.94629040704,2.24144311877,4.5176675017,4793.89860002,5006.425029,17251.5244414
2.38278316067,2.41016775645,4.98494286402,5809.69258559,7103.74919641,13834.5644468
2.42879765342,2.33971848109,4.76713126981,288.187986889,130.449345118,787.362085587
1.59229040704,1.68402282892,3.45873996547,1768.82049544,1378.39100674,5960.58362367
-2.3742893031,-2.27218006963,-3.6775209041,907.000957542,728.150980483,1730.13741666
-2.86131828861,-2.77683224355,-4.57121655627,798.268352763,829.008768174,2955.84372694
-2.35812988281,-2.19283224355,-2.95324554178,413.092147088,427.926064988,1178.062023
-2.37659365093,-2.25668731601,-3.00341945482,728.952566401,1195.41879845,1543.87952885
-2.05899944803,-2.38749891021,-2.93324554178,1171.91843917,1259.35570045,5218.79831447
-2.07731828861,-2.27039746094,-3.10704264323,40.7564110559,157.603877083,208.104684103
-2.25352118716,-2.22978876529,-3.02985423743,47.4451263319,34.2096243532,14.5272432505
-2.09282553499,-2.16480325804,-2.74423104903,750.700021801,1017.6592105,2356.12569005
-1.78463712919,-2.00693369282,-2.43476728091,84.3596522777,66.3542902051,296.797593329
-1.71059365093,-1.88158586673,-2.16281075917,1367.04030088,959.791741097,3209.3198094
-1.72878205673,-1.81791920007,-2.093115107,1079.20245177,1276.2587626,3693.82685712
-2.03368060745,-1.60131050442,-2.34357887511,922.467566469,736.165734357,2708.27220197
-1.75672408571,-1.73542644644,-2.00140496207,681.0155527,714.876982607,2151.86220428
-1.73175307122,-1.67016557688,-1.94489771569,788.09432289,689.346807662,2378.06110024
-1.85973857846,-1.58910760587,-1.86018757077,980.389211523,754.853151172,3035.51820151
-1.70985452049,-1.443629345,-1.60757887511,360.270571313,620.536472503,1286.91063858
-1.71292698426,-1.32664383775,-1.53059336787,72.2951080033,147.85620815,273.260840448
-1.34852118716,-1.16287572181,-1.247115107,608.557819393,462.742099193,1467.18378595
-1.35539075238,-0.947252533401,-0.988999164968,1161.79283393,1479.21457216,4176.84866264
-1.33549220165,-0.836803258039,-0.86724554178,357.974480884,500.594597208,1661.36038866
-1.06336176687,-0.671861229053,-0.547231049026,1040.87664305,573.440524062,2648.36088298
-0.849955969769,-0.466919200068,-0.32924554178,609.924029476,1550.29863345,2560.4746094
-0.692926984262,-0.315339489923,-0.0721585852582,1313.30877993,1926.3607496,5297.20636973
-0.781376259624,-0.179788765285,0.170464603148,106.560833003,80.7993365402,600.910665032
-0.857115390059,0.0267909448596,0.4310732988,3031.23489843,3074.31511137,10440.2111393
-0.506955969769,0.191211234715,0.615667501698,5688.28784324,7027.07022879,22063.2942629
-0.372042926291,0.154703988338,0.558406632133,2645.03332336,3727.02021029,9273.15349418
-0.684448723392,-0.478513402966,-0.310810759171,11789.4911015,16240.7027264,41232.619289
-1.33585452049,-1.19948441746,-1.76453539685,29492.3593933,40805.4255792,107321.545961
-2.1762893031,-1.85400615659,-3.07841945482,11079.8589885,12630.9074506,34781.9036782
-2.59849220165,-2.37748441746,-3.91134699106,170.386594054,324.085881728,885.506325543
-2.60505741904,-2.83442644644,-4.37426003453,1511.47022106,2924.81421624,6830.09090546
-2.91334727412,-2.94445543195,-4.83791220845,1372.03966197,1868.54557046,5191.75539721
-3.11449220165,-3.04310760587,-4.86705713598,5129.270327,6136.81002963,16743.6202137
-1.00614437557,-1.07673079427,-1.57227452729,1735.43573944,2278.24521232,7201.24739683
-0.95831828861,-1.06322354789,-1.71163684613,1162.63769106,1613.64006122,5619.69925999
-0.907941477015,-0.958643837749,-1.65656438236,156.315719309,45.3552147124,308.246938893
-0.798419737885,-0.902977171082,-1.52344844033,550.239760333,715.390903277,2118.82020979
-0.830738578465,-0.967238040648,-1.40544844033,885.554062424,1205.31384206,4349.9816716
-0.99268060745,-0.956774272532,-1.49028902004,181.090542023,87.3339709764,517.325334587
-0.807202346581,-0.840803258039,-1.54289771569,218.302914876,151.467787293,446.239370769
-0.982506694407,-0.765382968184,-1.82910061424,77.041571391,62.3733356723,43.8162345233
-1.11434727412,-0.766324997169,-1.74343394758,255.616231584,123.67438019,638.262721449
-1.05498495528,-0.75420905514,-1.64563684613,348.401747329,377.977435655,1261.72313751
-0.788724085711,-0.623310504416,-1.47015858526,98.3561274197,21.0412617545,415.771509979
-0.59331828861,-0.474803258039,-1.2229267012,82.9365534776,106.820232702,363.954724289
-0.419622636436,-0.192064127604,-1.12215858526,916.185971084,963.591850965,4103.6478149
-0.386042926291,-0.0083974609375,-0.883361483809,36.1104433856,77.7624477894,121.826867801
-0.0594922016531,0.0816894955842,-0.284636846128,13.6074577087,53.3456461362,513.900226787
-0.265637129189,0.292761959352,-0.325796266418,157.422002959,300.259995404,379.685231549
-0.196289303102,0.428544568048,-0.0642165562726,42.5842358097,106.503523885,35.0651198018
0.0344643200861,0.530486597034,0.0104211248868,24.8262284131,28.1496558199,289.76448126
0.0201164939991,0.74263152457,0.365174748075,9.65777207726,1.52520251127,56.9068872418
0.40463823313,0.818805437613,0.854681994452,15.2942455245,21.4372844736,50.2403233258
0.256899102695,0.937732973845,0.619928371264,299.206606262,683.444359875,2331.02217321
-0.0311733610734,0.494124278193,-0.210173078012,1594.6078602,557.174578116,3902.03202551
-0.695129882812,-0.218180069633,-1.49128902004,233.613931546,11.4670785218,155.610368311
-0.779506694407,-0.833571373981,-2.56812959975,21.5048923078,127.952020446,200.040033176
-1.45255017267,-1.40678876529,-3.23010061424,1515.36841856,1749.47785957,4669.53905138
-1.63857915817,-1.47304963485,-3.14557887511,47.6362405619,15.7826210208,25.7827640942
-1.5292603176,-1.43990470731,-3.17968032439,517.022975716,566.231329099,882.081138862
-1.3686661147,-1.4264409392,-3.13265133888,1025.13553267,1119.20135099,4707.91964132
-1.36637625962,-1.34345543195,-3.08357887511,2119.56721227,2095.96642459,5981.64061047
-1.33795596977,-1.23671630152,-2.79237597656,111.865039609,406.454570836,695.815803437
-1.13937625962,-1.25002064934,-2.4737382954,528.490091866,1005.96623981,2637.7400073
-1.06186901325,-1.08973079427,-2.31866583163,4263.92214645,7208.69813976,19049.2371285
-0.958013940784,-1.02431050442,-2.37034699106,899.394498733,921.975173978,3156.88614767
-1.08831828861,-1.04168731601,-2.35502815048,430.559934767,367.045016483,1975.13963815
-1.06901394078,-1.14522354789,-2.39960786062,397.984356253,455.103041458,1374.22214945
-1.24108640455,-1.15451340297,-2.32478177366,519.05636341,525.597704871,1765.0890059
-1.38192698426,-1.1094409392,-2.25107162874,1082.07907129,1485.36043692,5008.16039585
-1.43640524513,-0.896556881227,-2.39679626642,288.412417454,407.923246715,1326.87126263
-1.1562893031,-0.813078620358,-2.17517307801,1076.65630223,1013.62594862,3456.80091301
-0.945796549479,-0.70820905514,-1.75720206352,401.529019643,530.611751158,2813.63543256
-0.656477708899,-0.519701808764,-1.51999916497,231.100756325,177.937509401,726.287466543
-0.529390752378,-0.37852789572,-1.60954988961,505.325003497,366.054275233,1547.84802887
-0.432738578465,-0.167672823256,-1.47544844033,253.336976203,248.96664689,1003.73284799
-0.488115390059,-0.0684409391984,-1.22850641135,114.530869861,190.595678488,784.484601473
-0.200926984262,0.270341669497,-0.675173078012,52.5079807969,31.9416480131,160.908093164
-8.64045516309e-05,0.414254712976,-0.0221006142437,149.725441732,268.76558947,1058.18286277
-0.233897998755,0.421080799932,0.20043561764,31.1839687548,8.50880099298,155.200084914
0.0869570737092,0.219095292686,-0.0901875707654,236.844588267,78.5046646579,678.751218485
-0.656869013247,-0.348440939198,-1.26531800555,217.203218068,170.256763148,731.927106116
-1.31360814368,-1.18651340297,-2.64472380265,68.7053189494,112.988801381,251.002343094
-1.31652118716,-1.63818006963,-2.97047742584,7.79590065813,20.6642724416,6.49761929407
-1.56534727412,-1.87877427253,-3.31228902004,8.06137997272,0.00797456216203,138.703930334
-1.95670959296,-2.02120905514,-3.6693324983,87.2507039017,31.4347527354,187.502040146
-1.77794147702,-1.99073079427,-3.63960786062,81.8442254319,36.9055104585,20.9621452335
-1.70412988281,-1.98416557688,-3.60330351279,721.527940831,157.149765047,1040.82376466
-1.99478205673,-1.91696267833,-3.67383974468,24.0198625384,255.350410089,223.728941059
-1.75901394078,-1.86589021456,-3.3563324983,25.3560104563,78.7192249744,9.41793086133
-1.68299944803,-1.74367282326,-3.11347742584,378.234224062,172.585085202,1023.74066834
-1.50563712919,-1.84758586673,-2.86823104903,44.5110930587,87.5974836089,420.908508033
-1.56010089731,-1.75549891021,-2.81881075917,657.393467426,621.486305939,2526.25645702
-1.58940524513,-1.63546992471,-2.92927452729,73.1731167641,145.119779317,507.261784129
-1.49165162194,-1.65319456239,-2.87737597656,394.954221275,583.315649364,1977.31103535
-1.46176756397,-1.64754238847,-2.67462235337,419.780604698,436.037835006,1303.69048351
-1.31501394078,-1.39899166384,-2.56276728091,456.246002547,327.295282951,1379.38173742
-1.44973857846,-1.41760035949,-2.4167382954,79.8754082521,83.4526643943,448.622268817
-1.28952118716,-1.23274528702,-2.12423104903,334.039876346,123.860421995,806.51501979
-1.08198495528,-0.935469924706,-1.80915858526,292.132883608,164.344099951,586.977382704
-1.27139075238,-0.617571373981,-1.72459336787,192.09876152,153.36521339,465.00467675
-0.794854520494,-0.425904707314,-1.44005713598,968.221298922,810.009310859,3749.55481537
-0.925869013247,-0.465904707314,-1.58098467221,211.726042706,214.866341001,782.659658139
-0.609550172668,-0.234455431952,-1.24321655627,239.995713928,218.575776155,1382.65902925
-0.422984955276,0.106486597034,-0.799549889606,223.58760911,258.415427836,941.652056429
-0.0375066944067,0.343385147758,-0.224158585258,185.005090641,318.655190587,630.713301372
-0.16136176687,0.249559060802,0.0892617045969,24.8447446969,79.8575177339,214.345739593
-0.390173361073,-0.22336847543,-0.605173078012,175.588089971,164.238668366,754.461376851
-1.20779654948,-1.06957137398,-2.00302815048,652.088839167,640.166265695,3014.06350394
-1.63018785383,-1.74860035949,-2.86999916497,338.813505841,300.699881977,1320.41443454
-1.87685452049,-2.01178876529,-3.48350641135,366.968753693,164.992092937,553.860026123
-1.8396951002,-2.25787572181,-3.86599916497,371.174703248,356.743603333,945.029011832
-2.04175307122,-2.40857137398,-4.07582525192,26.6302235656,7.89144243401,100.775161
-2.29510089731,-2.43849891021,-4.04517307801,175.091396146,80.0692921513,686.597731393
-2.02101394078,-2.44696267833,-3.93868032439,144.297907299,106.681818862,720.235463578
-0.30415886832,-0.411267026155,0.137768950974,557.036053283,578.779942942,1995.72028509
0.197420841825,-0.304991663836,0.582131269814,180.296316404,53.9641319817,390.289548469
-0.828028433537,-1.08742644644,-1.36082525192,110.724693581,179.564072038,593.875908641
-0.857506694407,-1.09800615659,-1.14160786062,54.2624240537,34.5568500998,222.739658208
-0.477955969769,-1.01178876529,-0.994810759171,16.7183873495,14.8815308785,92.0946146206
-0.412086404552,-0.903020649343,-0.94708612149,13.0105740982,4.51695537566,135.557470798
-0.528448723392,-0.929933692822,-0.844260034534,134.239352937,37.2444139417,141.201094155
-0.45699944803,-0.8938467363,-0.687187570765,64.8947135797,70.312344976,104.093611442
-0.190216839334,-0.675064127604,-0.587303512794,320.207909958,190.097460805,568.6220221
-0.27936176687,-0.499397460938,-0.347173078012,51.8356127249,123.040441416,282.579118639
-0.00770959295743,-0.254585866735,-0.0538977156929,144.824861328,144.380194828,505.925563038
0.249087508492,0.0281822492074,0.374609530684,3.56323948359,53.285311032,1.42959259284
0.275029537477,0.136906886889,0.80339213938,162.088031308,128.156425997,424.876305485
0.655362870811,0.465298191236,1.13334866112,2.15207759352,1.79908849131,62.0513930269
0.820507798347,0.662095292686,1.46887040025,86.9390967564,122.944639203,174.44814423
0.415913595448,0.964573553555,0.967928371264,141.294077544,6.12350840582,24.8501681563
0.54947881284,1.26277645211,1.30752257416,79.0410318036,103.357883774,289.208568101
1.35265272588,1.46600833616,2.18414576257,659.492792411,512.184793454,2345.60336383
1.4637396824,1.50961703182,2.50734866112,130.699632082,106.114609806,668.887222241
0.811768667912,1.02495036515,1.99155155967,73.5625086363,25.2139570633,170.184938446
-0.287782056726,0.17247210428,0.257797936481,81.4487042832,8.79985909175,132.153442257
-0.454666114697,-0.544614852242,-0.896622353374,282.174273135,266.136141289,1037.2233776
-0.923013940784,-1.02710760587,-1.70537597656,154.79914602,177.499132539,540.874863209
-0.676390752378,-1.28975977978,-1.50420206352,320.664127757,244.803701902,1563.67400991
-0.967724085711,-1.57204963485,-1.63281075917,145.563432328,240.801042379,842.056370302
-1.31314437557,-1.58575977978,-1.72837597656,646.377412735,413.869498029,1358.83833879
-1.0166951002,-1.64078876529,-1.57215858526,40.8229265545,52.9297591358,321.692518538
-0.845057419044,-1.45251340297,-1.41634699106,50.6237595978,26.8395849492,1.2299730157
-0.831709592957,-1.30160035949,-1.19366583163,30.0062536365,4.9686328068,20.5989920188
-0.779042926291,-1.17542644644,-0.912129599751,128.198793246,172.901138146,498.861207372
-0.626245824841,-1.15787572181,-0.738636846128,173.53949117,37.9590377951,497.754267787
-0.71668060745,-1.22975977978,-0.712491918591,15.8302671962,12.3178428604,69.1461641522
-0.678013940784,-1.11764383775,-0.686578875113,117.833515821,158.694179149,883.527163601
-0.544173361073,-1.09945543195,-0.634013657722,124.565720067,151.124042094,420.472474262
-0.742825534986,-1.01718006963,-0.648723802649,139.987835138,62.5315434166,526.033791586
-0.612854520494,-0.920542388474,-0.492549889606,103.459883927,93.8171905758,383.387541007
-0.471651621943,-0.667281518909,-0.18560786062,43.5751249172,16.7608733374,170.685918485
-0.185782056726,-0.428020649343,0.0853051828578,208.411737473,247.627856309,900.966668052
0.28868171139,-0.234542388474,0.400928371264,3.74739047056,62.4617604195,69.0981364179
0.14863823313,-0.102064127604,0.67375445822,2.46564408436,31.9899535971,104.684409219
0.193015044724,0.161501089787,1.00300083503,67.0732642474,6.30542109085,2.62451526971
0.330087508492,0.358283698483,1.15410228431,214.656606739,51.8888066633,273.898853404
0.54900055197,0.558588046309,1.37452257416,105.760509007,217.672197069,27.3358254785
0.583275914289,0.621501089787,1.1944790959,44.4717045927,80.3951724659,183.494724531
0.723275914289,0.768225727468,1.48711677706,43.9477579285,24.5459977931,96.7040822896
0.47300055197,1.16977645211,1.31046460315,42.3774586724,131.580092627,440.048126739
0.234942580956,1.17977645211,1.27495735677,8.15352571766,6.25599178589,19.3863672159
0.132246928782,0.394877901381,0.441479095901,22.5912377849,17.8107594899,19.2753308958
-0.624042926291,-0.367267026155,-1.17115858526,292.692264107,59.126977071,369.760338109
-1.15497046252,-1.07454238847,-1.7845209041,151.996482141,86.7116754175,268.446016274
-1.59762263644,-1.74055688123,-2.60740496207,13.6761739278,22.5502592128,81.9801138009
-1.81715886832,-2.15215108413,-3.05210061424,157.133743018,45.5604698264,259.317326936
-2.0546661147,-2.23719456239,-3.40786873019,190.052784822,112.381723652,346.540167252
-1.85763712919,-2.33494818558,-3.43889771569,0.19163372859,8.71287420906,8.64084494943
-2.22236176687,-2.41329601166,-3.66454988961,349.22293617,126.845758217,983.352432921
-2.12586901325,-2.25889021456,-3.56469481714,129.300580869,101.511768725,386.67901012
-1.93685452049,-2.18123804065,-3.45794119395,219.974815853,100.299182541,413.723255445
-1.68870959296,-2.2262525334,-3.31901365772,58.9257330688,19.6832452297,54.9543410583
-1.75805741904,-2.28296267833,-3.27902815048,344.315212891,267.665304409,919.904208484
-1.852883506,-2.17802064934,-3.51553539685,25.2475450594,3.8736926481,86.2646681097
-2.03540524513,-2.16175977978,-3.53185423743,52.9864530124,20.6235578454,219.974382744
-1.94002843354,-2.04580325804,-3.67641945482,18.096709834,75.9217663482,182.536085979
-1.79204292629,-2.2598467363,-3.49243394758,214.705631812,210.895649585,691.030947527
-1.7106951002,-2.0440641276,-3.54540496207,299.925307066,139.944214877,888.969516454
-1.64637625962,-2.01974528702,-3.30468032439,360.198297027,263.97908101,893.360682782
-1.54908640455,-1.66419456239,-3.13144844033,15.5049041325,15.019079449,98.1787728795
-1.24437625962,-1.40771630152,-2.80291220845,81.9728778863,66.0531112947,146.894342251
-1.30759365093,-1.18536847543,-2.66276728091,16.6300878265,29.7030675233,40.8670271132
-0.989955969769,-0.961064127604,-2.29237597656,172.991288187,107.24294157,423.41975646
-0.881782056726,-0.856484417459,-2.1465209041,69.0037770842,15.4494504727,270.466123319
-0.871564665421,-0.629223547894,-2.073115107,143.790916437,120.945954437,456.207995098
-0.61068060745,-0.471180069633,-1.65043394758,68.9060925584,76.1281383129,213.796916709
-0.324028433537,-0.0359481855752,-1.19450641135,74.6536430963,52.3416332594,229.426265757
-0.144666114697,0.265037321671,-0.824187570765,6.65859130285,21.3004630825,37.9072606973
-0.250115390059,0.387124278193,-0.728593367867,78.0993412378,11.774902026,1.54089446256
-0.884405245131,0.170747466599,-1.92079626642,105.1135284,17.9419513606,56.8112099285
-1.28456466542,-0.416542388474,-3.0913324983,397.655766947,23.6057477907,170.911714034
-1.30097046252,-0.847035142097,-3.59469481714,86.3618007238,28.4337399465,63.2961998406
-1.39299944803,-1.13228151891,-4.19617307801,82.5581063599,31.1550948078,98.1942970079
-1.42779654948,-1.2060351421,-4.40957887511,108.497339887,50.2466188494,110.167819176
-0.0669849552763,0.76683442312,-0.97560786062,1.14261176151,11.5798537149,22.8054784638
0.203696204144,0.886095292686,-0.955361483809,54.4821210476,64.1136828034,202.352175259
1.16275417516,1.97761703182,0.881667501698,71.984843011,67.0780318098,194.490065431
1.42036287081,2.18502282892,1.17782692199,42.9458803912,46.0532969717,168.813242772
1.60601504472,2.32597935066,1.59640663213,136.540763608,58.7190120842,234.607653713
1.68476866791,2.70653007529,1.81921822634,115.411715672,113.012606099,707.281532699
1.83743533458,2.73154456805,1.94973996547,157.600072084,133.773013033,356.784202859
1.84929040704,2.68589239413,1.91591387851,72.6030097582,22.6744856891,134.439767122
1.87466721864,2.56906630718,1.96471097996,104.819036714,82.9448043182,235.218120054
1.97510200125,2.8123416695,2.03616025532,92.4506480036,172.820288136,339.380497717
1.91755127661,2.94128369848,2.06736315387,88.836590361,37.8600638809,194.120278909
2.04604403023,2.99453007529,2.23318924083,63.2825763686,18.8185994397,85.9353596033
1.95797156646,3.07532717674,2.44424721184,5.45629810337,22.050939741,131.577726303
2.29679765342,3.32621123471,2.68469648721,133.489952605,92.1086719557,270.57871074
2.53021794327,3.63980543761,2.95116025532,52.9447298913,62.331986269,154.977732354
2.57560924762,3.83342862602,3.069884893,139.688726465,85.0069595405,384.240874818
2.7847396824,4.02922572747,3.31646460315,76.2274958063,19.989841785,70.5560005785
2.99478316067,4.11839964051,3.52668199445,32.2581343404,71.914073464,180.657655565
3.09236287081,4.41986340863,3.83800083503,32.2015536968,45.3348609454,62.0349522984
3.15129040704,4.45658804631,4.02573996547,44.3695200285,38.2039211224,101.130903058
3.22610200125,4.62653007529,4.22802982054,255.064242573,73.8860179951,544.115140853
3.17718895777,4.56729819124,4.46850808141,164.440098901,183.866722842,693.595740172
-0.24768060745,1.11779094486,-2.09044844033,96.9821362507,44.4228100305,189.609269753
-0.988506694407,0.295573553555,-3.44704264323,96.6676135783,35.6347446909,369.253418422
-1.20994147702,-0.392701808764,-4.20001365772,9.86596605015,24.4283143567,28.4280925036
-2.13049220165,-0.90716557688,-5.25760786062,111.412805206,85.4691372847,317.605344988
-2.15637625962,-1.15119456239,-5.49757887511,8.71091070748,6.31629921649,18.0360798958
-1.55678205673,-1.39032499717,-5.19323104903,36.2508204746,41.6942289877,153.441699621
0.0996817113904,0.774080799932,-1.59781075917,52.7531256631,55.1818073846,222.907843958
0.0752904070426,0.778848915874,-1.34910061424,43.3047380135,29.7641730802,42.5721770836
0.975797653419,1.92787790138,0.502479095901,334.344806884,6.94664128149,259.169412908
1.22343533458,2.05545761153,0.8970732988,168.756038835,27.4351202138,152.374625894
1.62095707371,2.17321123471,1.27824721184,58.8107460149,26.9449800046,121.418765294
1.46055127661,2.26208079993,1.54236315387,52.0858464941,8.08775725727,22.9029777099
1.65849330559,2.35590688689,1.58865300894,3.94958677684,42.4575904351,116.375212902
1.54682663893,2.30453007529,1.44463851619,146.748541865,82.5071037584,250.084975101
1.52344982733,2.19466051008,1.64178344373,51.5061155092,53.4299453252,99.6286393309
1.5183048998,2.48829819124,1.64916025532,10.7979034129,12.7132431206,44.8165670152
1.74810200125,2.52673297385,1.95924721184,62.4606501918,47.0126606792,252.763118721
2.15442084183,2.84684891587,2.2458559075,11.6831578776,49.6428131705,71.5262903866
2.1759280882,3.18586340863,2.55600083503,124.55420005,50.2546829242,173.565991409
2.60540634907,3.53853007529,2.87695735677,56.9161104882,60.3205072199,102.608795102
2.50615997226,3.8277474666,3.18918924083,228.971254782,176.519814171,698.554907737
2.61014547951,4.03892137964,3.60152257416,298.325788924,81.3615597558,635.836185039
3.02160924762,4.28487790138,3.94423271909,126.283913624,93.6313074082,430.041803299
3.18876866791,4.50513877095,4.38118924083,57.4250026654,9.58502884935,63.9212432937
3.44179765342,4.71706630718,4.90453706692,42.5956346177,22.2375515121,59.5864371095
3.4993338853,4.83947210428,5.20149358865,27.8847467037,5.31600682432,34.9352637526
0.126971566463,1.50977645211,-1.43991220845,41.7998969539,84.2808349316,206.771731675
-0.430274810349,0.731718481091,-2.1253324983,30.8395258133,14.195706107,159.965921027
-1.92146321615,-0.886426446445,-5.46150641135,9.51456574721,19.4365868738,91.0286315101
-2.21020234658,-1.64107862036,-6.18653539685,12.8922787347,13.0850365391,204.00515618
-0.797042926291,-0.103861229053,-2.82491220845,101.690427484,32.772078236,206.48514679
-0.846477708899,-0.395035142097,-2.91040496207,116.226954092,7.1112864818,11.7515800097
0.0898846099411,0.728805437613,-1.34586873019,67.7495046676,72.2426493183,129.62885466
-0.321405245131,0.592935872396,-1.47194119395,26.060439164,31.2479703418,32.0259456684
0.0458266389266,0.63199384341,-1.11468032439,22.4134563185,3.21718446744,27.7140112782
0.316826638927,0.838008336164,-0.614868730186,13.2959036938,34.0897597589,104.085474135
0.490565769361,0.890182249207,-0.234231049026,67.7475385166,79.112575408,122.286293393
0.699232436028,0.981399640512,0.121276197351,3.82278591398,2.69612961756,0.259694031997
0.617203450521,1.0773416695,0.121566052423,31.0206457008,11.3483239315,16.5480397707
0.630797653419,1.11000833616,0.300203733582,36.8694545366,63.2411933834,78.5944785749
0.613377363564,1.1689358724,0.268348661119,21.1703801347,42.7385486248,183.248421949
0.708362870811,1.37041413327,0.229479095901,197.491295631,22.4415438073,135.33113056
0.850348378057,1.43645761153,0.686653008945,441.23891195,5.6753014344,547.222507032
1.12881214617,1.78721123471,0.91775445822,140.924917955,54.4036541306,105.916412683
1.47042084183,2.00377645211,1.30631967561,37.427146926,1.65923298006,35.2702772658
1.52389910269,2.25279094486,1.83272547271,102.516216435,15.0575762065,47.2808379275
1.55921794327,2.61616775645,2.08984141474,25.1192205828,15.4765476845,105.065000868
2.09943533458,2.821370655,2.7334790959,33.7440330372,54.8902250916,224.703827443
2.49850779835,3.19110978544,3.13568199445,130.527262693,26.0542871917,86.7223285454
2.27700055197,3.36710978544,3.50530518286,30.036419983,11.909841519,9.60306855038
2.63400055197,3.61495036515,3.97923271909,17.1742465189,19.1383008615,44.4919362107
3.11787011719,3.81847210428,4.44472547271,104.80002357,44.1710844241,324.322141876
3.35356576936,4.16048659703,4.93184141474,105.673033204,9.49016072582,292.352415475
3.20597156646,4.14338514776,4.75027619735,145.663750565,15.7555010423,135.205492949
-0.666216839334,0.395776452106,-2.56817307801,28.0523984085,14.8921335057,108.150654106
-1.45163712919,-0.535788765285,-3.56698467221,248.709489068,167.987746917,587.381209398
-0.670187853827,-0.306571373981,-2.58617307801,12.3185717715,2.38802732927,29.1228306762
-1.11041973788,-0.691267026155,-3.22437597656,33.5475693649,1.78209598609,10.6883908877
-1.34892698426,-1.10281775079,-3.58183974468,8.48862055078,16.3340919716,49.5499577779
-1.63492698426,-1.23757137398,-3.70969481714,187.110894554,131.818232164,604.931453356
-1.18949220165,-1.1770641276,-3.55341945482,7.8251757244,70.9804246471,174.78335424
-1.50836176687,-1.11918006963,-3.66654988961,25.9758192645,5.42263851733,41.1111292654
-1.17255017267,-1.02093369282,-3.34047742584,61.6788179501,69.2553011689,246.350960614
-1.21844872339,-0.643991663836,-3.3089267012,15.1741756007,28.2273224189,124.84839986
-1.37023133209,-0.506556881227,-3.07247742584,24.2787132808,23.9601776615,42.8316809615
-1.09891249151,-0.544223547894,-2.71744844033,27.558208317,7.05027555443,20.8300085775
-0.832869013247,-0.538585866735,-2.51476728091,8.07510250076,13.9998919487,5.25611655871
-0.801782056726,-0.555672823256,-2.52953539685,74.1265195633,83.5600984738,329.838351106
-0.802811042233,-0.601745287024,-2.52053539685,36.8578806781,6.7270016859,35.3883326658
-0.944129882812,-0.464977171082,-2.27408612149,56.2753358587,21.4498427624,76.9873447766
-0.544492201653,-0.300238040648,-2.03410061424,21.4929292951,35.7444958269,225.118617532
-0.497724085711,-0.00407862035779,-1.78715858526,34.1030159386,6.30674800825,30.5685768025
-0.332738578465,0.128906886889,-1.36628902004,4.60598938447,31.8295182152,45.9389263933
-0.0649704625226,0.342761959352,-0.980897715693,30.0981307642,24.3211657586,74.3472403218
0.16731939255,0.604269205729,-0.496260034534,18.7654524705,20.7165389655,124.009380116
0.357812146173,0.948617031816,-0.0706948171422,147.716720212,42.3614030883,172.866024132
0.676507798347,1.19618224921,0.447942864017,364.356144877,17.9579110146,182.286662634
0.586232436028,1.39784891587,0.226710979959,40.2403906818,25.4338039819,69.8248643088
0.931493305593,1.78281993037,0.609305182858,16.116012234,39.0382164298,44.9344718137
0.970449827332,1.89348659703,1.45336315387,36.3192692011,5.11225915822,94.1521382814
1.15955127661,2.00479094486,1.9046675017,12.971938768,2.81526460467,3.52436845537
1.42065272588,2.28339964051,2.08455155967,2.6421558317,35.531406493,11.6007268964
0.79231939255,1.80851558254,1.40155155967,243.344140842,64.0402934421,201.29385906
-0.432231332088,0.828486597034,-0.644100614244,43.1176489755,23.5646292248,206.199605195
-0.945071911798,0.0517619593524,-2.15554988961,121.219093778,113.436776536,328.553000551
-0.997448723392,-0.514701808764,-2.43841945482,12.6421995135,12.1815354554,93.080857057
-1.13634727412,-0.865890214561,-2.77586873019,28.7385006397,1.03527119774,13.4947361745
-1.43994147702,-1.0480351421,-2.9119267012,32.5134088402,28.4883900146,122.136283962
-1.23644872339,-1.19132499717,-2.90460786062,96.4219068646,88.6109238014,152.629162394
-1.14952118716,-1.12509311311,-2.85495568671,3.74287210305,17.779058507,100.841087191
-1.40424582484,-0.93268731601,-2.81008612149,13.5829407533,36.5180629874,29.0413157293
-0.721347274117,-0.666774272532,-2.22956438236,44.4170980986,29.8274769323,172.563372943
-0.594115390059,-0.437977171082,-1.797115107,30.820355426,58.584041054,310.96657494
-0.786390752378,-0.271296011662,-1.71982525192,31.9171691131,30.6250833959,260.543005724
-0.942767563972,-0.177875721807,-1.62426003453,168.030584665,130.232699908,474.347101224
-0.532492201653,-0.25820905514,-1.23920206352,43.6781334077,53.7338141951,77.687874556
-0.354550172668,-0.286701808764,-1.25766583163,53.3355841656,8.25935896278,157.45944894
-0.548695100204,-0.201078620358,-1.39268032439,8.23639121122,17.5824926543,114.876471891
-0.455666114697,-0.246020649343,-1.28846293308,10.1495147125,1.15371240357,7.35603888635
-0.425100897305,-0.186238040648,-0.949144092505,134.950979939,62.7716034365,325.685831045
-0.169245824841,0.139588046309,-0.690390469316,23.3409803213,26.0553345581,84.0337535683
-0.0454342306386,0.362124278193,-0.382462933084,16.4753343888,2.22441808907,32.3455250649
0.134667218637,0.542283698483,-0.145028150476,42.9842240619,12.3374273187,94.8456839149
0.279783160666,0.906761959352,0.0590443132926,22.5551311557,8.64275774467,23.0022759457
0.523652725883,1.06158804631,0.354508081409,89.2460175276,41.4460436368,220.019391802
0.496928088202,1.10657355356,0.140537066916,205.691284931,45.5808222242,165.458198481
0.572261421535,1.30184891587,0.276334168365,1.0370136881,14.8419022004,37.1937743391
0.73815997226,1.64467500283,0.595276197351,75.7149184941,60.9056740304,254.752675444
0.884812146173,1.8539358724,0.900884893003,79.5539564086,3.83318059256,102.612828544
1.0507396824,1.99824022022,1.52263851619,29.7180181293,46.6882921805,131.800933226
0.64884113168,1.70521123471,1.27778344373,66.7809170435,8.94027385421,93.6348303
-0.137912491508,0.960660510077,-0.343868730186,100.260797855,38.5151557783,191.670993832
-1.15791249151,0.1151532637,-2.24102815048,30.7876144671,34.3573307909,112.878805251
-1.46734727412,-0.532078620358,-3.174115107,18.2044819583,8.75780160134,15.3370372351
-1.58153567991,-1.11548441746,-3.91456438236,33.8998935484,2.53788395425,25.1291131338
-1.67033278136,-1.4774409392,-4.23385423743,0.205661839976,0.84969095538,32.8159029983
-1.96949220165,-1.70581775079,-4.52669481714,11.8350875885,0.558192438514,37.3976432852
-2.14643423064,-1.67058586673,-4.7011440925,0.180089247765,13.7221202385,75.2823366348
-0.120419737885,0.407660510077,-1.01223104903,100.430784429,36.1798742645,128.847569894
-0.115100897305,0.489037321671,-0.693346991055,102.083871444,28.7494521986,144.688199343
-0.022303795856,0.510935872396,-0.58460786062,3.30474164533,8.11035549059,5.14354370597
0.190174465014,0.737617031816,-0.459028150476,45.0896403227,71.3115965637,133.001253713
0.112855624434,0.774964857903,-0.420231049026,33.5175171895,18.9969486381,127.367612346
0.139087508492,0.913138770947,-0.62408612149,34.1461782215,32.3201732995,76.1458033003
-0.26184002774,0.853602539062,-0.829593367867,9.18342729654,36.7861668729,65.4134190274
0.258377363564,0.848776452106,-0.468448440331,40.2135362403,40.1567193345,6.49811725442
0.291217943274,1.04173297385,-0.31508612149,107.593598918,51.9392139943,354.808369027
0.286232436028,1.28521123471,-0.230216556273,39.847013314,75.9607989242,195.820980375
0.703290407043,1.32516775645,0.0208124292346,5.62673230783,38.4647666741,103.559181089
0.817696204144,1.63377645211,0.333537066916,91.3448363045,48.8873169258,224.918196158
1.00943533458,1.8905590608,0.629160255322,63.2816628597,108.130022505,261.342725255
1.2367106969,2.08699384341,1.0130732988,62.8378878176,66.7200259583,293.732235848
1.36865272588,2.38728369848,1.28739213938,58.7519060003,93.562640167,311.050703344
1.35734837806,2.61603732167,1.51718924083,83.4426173771,83.4162265116,152.076449214
1.73369620414,2.85748659703,1.83202982054,28.7360535733,57.6240932016,266.610530127
1.75276866791,3.1357474666,2.02675445822,70.947732553,42.2743567602,311.226460777
2.20863823313,3.37335616225,2.29160953068,74.1103739958,10.5642887177,59.089341754
2.04502953748,3.32180543761,2.42742112489,1.4700956522,9.0399557234,4.72756540832
1.93143533458,3.05308079993,1.95718924083,14.8326555351,69.0311856044,123.547476095
0.623507798347,2.35112427819,0.335116777061,132.434639982,48.9224315028,162.324698166
0.240536783854,1.64803732167,-1.0357382954,18.1936451107,7.81062565697,1.455844476
-0.210289303102,0.942254712976,-1.90847742584,12.883519437,5.69780371091,37.7801857181
-0.357608143682,0.546530075294,-2.22536148381,119.714195706,49.6487089154,188.131955485
-0.409303795856,0.376225727468,-2.39468032439,11.3266545717,13.8228577449,28.6600523584
-0.571955969769,0.446964857903,-2.54985423743,15.113263647,31.4619993089,1.02065168663
-0.356057419044,0.50147210428,-2.40734699106,23.1847479967,50.1418691248,33.9804727677
-0.128100897305,0.663863408628,-2.20124554178,35.3554945864,68.2040284136,138.211400247
-0.0372893031024,0.841921379642,-1.96539046932,10.0725813208,8.85760229065,35.2112453416
-0.00334727411685,0.988501089787,-1.66356438236,4.75968564271,6.92272498566,18.2877913591
0.402957073709,1.14610978544,-1.40566583163,16.940449543,3.23564612637,4.46597443649
0.313725189651,0.975950365149,-1.29912959975,23.8563062946,3.129687988,91.040164348
0.0730585229846,1.03081993037,-1.57475278816,6.85981787909,27.5727899661,71.9938724204
-0.038187853827,0.86931268399,-1.4993324983,16.4861669476,0.465852720892,21.8662883987
-0.227854520494,1.01779094486,-1.55572380265,12.0259376997,0.890083724467,10.5869285121
-0.322912491508,1.26041413327,-1.49397017946,75.464217492,59.4853154778,234.503385957
0.273348378057,1.30032717674,-1.01283974468,9.34861164753,8.6705559675,21.651476239
0.633826638927,1.48741413327,-0.680071628736,10.0281536156,17.8418499232,3.79353683091
0.786246928782,1.88221123471,-0.334781773664,58.5690538838,32.4727912948,42.7379546978
1.11108750849,2.12942862602,0.067334168365,15.9157000219,5.64641805489,70.8445118042
1.09550779835,2.31668949558,0.232334168365,19.8798286899,3.04373139537,24.9126092587
1.47405852298,2.46318224921,0.68039213938,1.16084569901,13.8035864437,28.7886881064
1.65737736356,2.86621123471,1.23072547271,15.8541857534,23.6527303931,13.9905176407
1.94413098675,3.01945761153,1.62571097996,29.4392745419,35.5289619337,145.765726102
1.79646432009,3.07190688689,1.98546460315,59.575020271,39.4882160449,184.856313762
1.79369620414,2.90484891587,1.48640663213,55.3927579907,51.531628067,153.00183885
0.874232436028,2.06468949558,0.084218226336,37.9100562921,77.5496198017,205.030449839
0.0423918563179,1.30739964051,-1.32234699106,1.75590795971,40.0994434628,54.5938914965
-0.0802748103487,0.732211234715,-2.11399916497,44.8029503663,65.2421555076,188.314523236
-0.551593650928,0.227617031816,-2.36288322294,115.611356429,117.764002471,333.200908768
-0.676955969769,0.0340807999321,-2.39641945482,49.2513276587,9.19404687505,86.8891968597
-0.504651621943,0.0324721042799,-2.41275278816,75.7737805609,67.4072448354,175.922908733
-0.517115390059,0.171950365149,-2.47797017946,53.6698549786,174.065265029,446.635432505
-0.586057419044,0.220051814425,-2.28859336787,254.964826553,106.063028485,528.441495458
-0.0945646654212,0.444646017323,-1.78857887511,28.0261797747,72.4776243523,330.094386921
-0.085955969769,0.553544568048,-1.48924554178,36.8023029868,75.7621877273,120.666464366
-0.236535679914,0.666906886889,-1.27889771569,77.768240753,94.165340842,344.726547998
0.0905657693614,0.692501089787,-1.038115107,43.612526579,60.5904540651,172.440215954
-0.249463216146,0.755486597034,-1.196115107,53.2136074759,25.129976713,68.7903242478
-0.136274810349,0.884095292686,-1.1441440925,23.8110000991,20.5995457582,78.7210876621
0.200580262115,0.978573553555,-0.951346991055,38.2264220041,5.5875488408,23.4517852994
-0.150129882813,1.0801532637,-0.888202063519,28.7557174325,11.6752563356,9.91291147908
0.347884609941,1.20581993037,-0.332680324389,6.78453857161,25.6278717552,72.5995968637
0.51463823313,1.68295036515,-0.079549889606,58.6369166233,50.1009897997,146.70504068
0.788290407043,2.04587790138,0.47143561764,28.6158635392,8.07473660187,11.1625052478
0.655667218637,2.4089648579,0.526348661119,10.646976686,0.127379188661,39.2328966502
1.65768171139,2.47248659703,1.27931967561,41.4041996822,12.1169631027,47.4622413473
1.39998605922,2.64580543761,1.67159503793,7.13284521367,62.4709697193,69.6186856589
1.73556576936,3.02097935066,2.1992906901,0.217412621892,12.8082058671,69.5132423855
1.94731939255,3.2873416695,2.78530518286,94.9708985348,26.8912810078,87.6949559243
2.17434837806,3.298370655,2.95395735677,46.7830179032,23.8527121698,90.7419654074
1.40507301574,2.81697935066,1.7192906901,2.70267471421,69.0503749097,118.09748957
0.567377363564,1.8845590608,-0.0427527881567,83.1459338671,34.1905579417,90.5640597696
0.0456672186368,1.03171848109,-1.0541440925,4.51417267572,4.82084343393,40.1947443462
-0.215303795856,0.494051814425,-1.69824554178,51.5069347463,22.0795298456,66.9905651505
-0.545782056726,0.226877901381,-1.95968032439,21.7399064993,11.825349387,2.11231336696
-0.659666114697,0.0671387709466,-2.05269481714,30.7481302005,0.473630083657,21.3921491727
-0.307854520494,0.0057909448596,-1.89549191859,66.4637417605,14.8648269507,92.9304842405
-0.485245824841,0.233848915874,-1.97340496207,45.2753507794,24.2297350241,127.167364484
-0.282869013247,0.459008336164,-1.59769481714,8.35362230637,10.7351267842,7.57242707404
-0.156608143682,0.650660510077,-1.32917307801,30.1428648958,45.4797251729,86.2731197822
-0.0252023465806,0.682298191236,-1.02617307801,1.53174102701,0.0984291102765,22.5614731069
-0.0163907523777,0.870646017323,-0.878520904099,15.8801094876,44.5035416154,49.5059807127
0.204449827332,0.830501089787,-0.826897715693,28.3594727993,2.08821050825,85.5111306137
0.206058522985,0.977732973845,-0.872651338881,28.4644747881,29.5186439737,57.1960917061
0.153102001245,0.868428626019,-0.869491918591,132.222517799,38.0825504819,261.044900822
0.0653773635643,0.891950365149,-0.652810759171,26.4215059055,22.8407653233,131.18230014
0.402696204144,1.01953007529,-0.333984672215,8.18740667745,9.86550722345,38.6910267408
0.559942580956,1.28941413327,-0.0641006142437,56.6014535391,45.9031722881,244.178368857
0.498102001245,1.50021123471,0.138058806046,45.2671764672,23.1070038951,94.0518967473
0.819203450521,1.73041413327,0.496493588655,54.4581964783,42.0084771444,110.58787739
0.895667218637,1.88328369848,1.00640663213,54.0986012934,97.438057432,405.791003622
1.17456576936,2.20310978544,1.45365300894,6.97017181505,8.22276117104,70.0583002565
1.72844982733,2.56360253906,1.86991387851,19.8447058952,57.7875649614,33.390810764
1.40456576936,2.93826920573,2.21884141474,104.05199762,44.3566218526,248.352287625
1.39279765342,3.14510978544,2.62846460315,71.1697975563,1.85583804567,56.7098743004
1.86063823313,3.0991532637,3.00905880605,42.1153889661,38.6861510407,138.919486724
1.22159475487,2.36602282892,1.73302982054,55.3790293299,22.4593998688,64.2377915809
0.0590005519701,1.36290688689,-0.179419454823,27.1254449983,7.11395842318,18.6051307193
-0.148231332088,0.661877901381,-1.20694119395,10.6962272363,85.4993735751,119.800001422
-0.458289303102,0.277906886889,-1.7655209041,24.5384999927,22.2810043496,103.984677319
-0.886666114697,-0.0978322435462,-1.97424554178,3.21679629661,6.02212118233,31.0632741613
-0.599115390059,-0.158803258039,-2.15457887511,151.276249635,28.767399537,136.069273181
-0.652709592957,-0.259817750793,-2.26556438236,7.07652659394,15.5594655808,1.20371382851
-0.573129882812,-0.230614852242,-2.16691220845,37.4872612323,42.0008857392,145.203719501
-0.717883506001,-0.202267026155,-2.06598467221,26.0585128059,23.5274678886,98.9410162758
-0.458738578465,0.102675002831,-1.73698467221,0.882319600168,15.1988345244,19.1986010121
-0.15231828861,0.245559060802,-1.27954988961,0.0179433545501,11.2771205161,12.1427932588
-0.284753071218,0.45631268399,-1.0723324983,61.8305308601,36.5033827679,189.722740318
-0.0946516219429,0.406414133265,-1.0825209041,22.1866221614,15.0386871238,19.4497626752
-0.19268060745,0.435863408628,-1.04791220845,0.425525135811,0.714833808149,2.94823794192
-0.36768060745,0.497211234715,-1.05468032439,4.24641051591,1.26541529951,6.85023502977
-0.0270139407835,0.668718481091,-0.76508612149,10.7103679998,2.34966830762,21.8318067462
0.303913595448,0.87999384341,-0.43560786062,101.790752345,17.0197260947,93.6158660615
0.476855624434,1.02453007529,0.0715950379303,20.5385036315,47.150995428,26.4263511479
0.754044030231,1.30838514776,0.550812429235,66.9882275119,30.7274049384,145.229514609
0.861826638927,1.66753007529,0.836450110394,24.2247859614,20.4622861664,2.8142195828
1.22260924762,1.94245761153,1.34801532779,19.7297959251,18.7527523376,46.5673849992
1.25339185632,2.22866051008,1.71178344373,17.9180841105,0.399938888408,15.1387722941
1.69249330559,2.4999358724,2.21963851619,18.6939621756,20.5274773045,26.9951259196
1.64740634907,2.80864601732,2.43646460315,46.6281401159,50.4728311766,144.068922625
1.92669620414,2.92248659703,3.01024721184,7.06123902226,15.9364684865,104.061807537
2.02329040704,3.24383442312,3.46730518286,7.55340190069,5.76610730142,25.5664690883
1.90008750849,2.95419674196,3.29505880605,17.1278373294,6.63876044473,98.4065431025
0.754623740376,2.15916775645,1.28773996547,4.13881170684,7.61939431367,48.5734714256
0.0336672186368,1.39722572747,-0.429506411345,29.9301200569,7.41457522798,4.70362564193
-0.458970462523,0.535428626019,-1.07049191859,32.3946548631,33.9964675834,64.1600912029
-0.740231332088,0.104544568048,-1.47534699106,15.1303694491,3.79806853791,2.54709375433
